date,datetime,time_source,day_of_war,country,location,event_type,actor,actor_grouped,target,killed,injured,description,total_casualties,has_casualties
2026-02-27,2026-02-27 08:30:00,known,0,Lebanon,"Beqaa Valley, Lebanon",Airstrike,Israel,Israel,Hezbollah Radwan Force compounds,0,0,IAF executes precision airstrikes targeting eight Hezbollah Radwan Force military compounds in eastern Lebanon. Pre-war shaping operation to degrade Hezbollah C2 nodes ahead of broader regional escalation. Strikes penetrate reinforced subterranean bunkers.,0,False
2026-02-27,2026-02-27 13:45:00,known,0,Palestine,Gaza Strip,Airstrike,Israel,Israel,Militant weapons storage,5,0,IDF conducts airstrikes against suspected militant targets in Gaza killing five Palestinians. Strikes target multi-story building identified as clandestine weapons storage and manufacturing facility. Continuous pre-war low-intensity operations to prevent Hamas and PIJ reconstitution.,5,True
2026-02-27,2026-02-27 18:30:00,known,0,Lebanon,"Beirut, Lebanon",Airstrike,Israel,Israel,Hezbollah financial networks,0,0,IAF expands target set to include Hezbollah financial assets and funding networks throughout Lebanon. Precision strikes against financial C2 nodes to induce logistical friction. Multi-domain attrition doctrine targeting economic center of gravity before main offensive.,0,False
2026-02-28,2026-02-28 06:00:00,known,1,Bahrain,Manama,Missile Strike,Iran,Iran,USN Fifth Fleet headquarters,4,0,Iranian missile strikes US Fifth Fleet service center in Manama Bahrain. 4 US soldiers killed — first US fatalities of war. All from 103rd Expeditionary Sustainment Command headquartered in Des Moines Iowa,4,True
2026-02-28,2026-02-28 06:00:00,inferred,1,Iran,"Tehran, Iran",Airstrike,Israel,Israel,IRIB satellite hack / hospital corridor,0,0,Israeli forces hack IRIB satellite feed broadcasting Trump and Netanyahu speeches to Iranian people. Khatam al-Anbia Hospital Motahari Hospital and Valiasr Burn Hospital all in Tehran struck in vicinity — patients evacuated. WHO Director General Tedros calls hospital damage reports extremely worrying. IDF also targets ITV Channel 2 antenna near Gandhi Hospital disrupting state television. Iranian Red Crescent documents damage for legal proceedings.,0,False
2026-02-28,2026-02-28 06:00:00,inferred,1,Iran,"Tehran, Iran",Airstrike,USA/Israel,USA/Israel,IRGC Malek-Ashtar complex,0,0,IRGC Malek-Ashtar building in Tehran completely destroyed in joint US-Israel missile strike. Video footage by Iran International shows total destruction. Malek-Ashtar organization is Irans primary defense research and self-sufficiency organization responsible for weapons development including drones and missiles. Iranian parliament building also targeted. Leadership House compound the primary decapitation target also struck.,0,False
2026-02-28,2026-02-28 06:00:00,inferred,1,Iran,"Tehran, Iran",Airstrike,USA/Israel,USA/Israel,Iranian police HQ Tehran,0,0,Central headquarters of Iranian police struck by Israeli warplanes. Police Chief Ahmad-Reza Radan confirms police buildings receiving regular direct hits. Main building of Tehran medical emergency services on Iranshahr Street also struck staff evacuated. IDF carries out afternoon bombing runs across Tehran. Residents describe heavier bombardment than day one.,0,False
2026-02-28,2026-02-28 06:30:00,inferred,1,Bahrain,Manama,Drone Strike,Iran,Iran,Residential tower,0,0,During the evening an Iranian drone hits a tower in a residential area of Bahrain,0,False
2026-02-28,2026-02-28 07:00:00,inferred,1,Cyprus,"Akrotiri, Cyprus",Drone Strike,Iran,Iran,RAF Akrotiri airbase,0,0,Series of loud blasts recorded. RAF Akrotiri targeted by suspected drone strike. Five drones intercepted one hits airfield causing minor damage. Air raid sirens across Akrotiri and Dhekelia,0,False
2026-02-28,2026-02-28 07:30:00,inferred,1,International,Strait of Hormuz,Naval Attack,Iran,Iran,Commercial shipping,0,0,Iran attacks commercial vessels in Strait of Hormuz. 150 freight ships including oil tankers stalled behind strait. IRGC warns will fire on ships passing through Hormuz,0,False
2026-02-28,2026-02-28 08:00:00,known,1,Iran,Tehran,Airstrike,USA/Israel,USA,Command and control infrastructure,0,0,CENTCOM announces airstrikes begin against Iran. US deploys B-2 B-1 B-52 bombers Tomahawk missiles from destroyers HIMARS and first combat use of LUCAS drones. IAF deploys ~200 fighter jets in largest combat sortie in Israeli history. ~900 strikes in first 12 hours,0,False
2026-02-28,2026-02-28 08:30:00,known,1,Iran,Tehran,Assassination,USA/Israel,USA,Ali Khamenei and senior officials,40,0,"IAF decapitation strikes kill Supreme Leader Ali Khamenei and family members. Defense Minister Aziz Nasirzadeh, IRGC commander Mohammad Pakpour, Ali Shamkhani, Salah Asadi, Mohammad Shirazi, Hossein Jabal Amelian also killed. ~40 officials killed in opening strikes",40,True
2026-02-28,2026-02-28 09:00:00,inferred,1,Iran,"Qom, Kermanshah, Isfahan, Karaj",Airstrike,USA/Israel,USA,Nuclear and missile infrastructure,0,0,"Explosions across Iranian cities in first wave. Natanz nuclear facility, missile sites, air defenses and command centers struck. Black Sparrow air-launched ballistic missiles fired from F-15s used for first time",0,False
2026-02-28,2026-02-28 09:30:00,inferred,1,Iran,Iran (multiple cities),Airstrike,USA/Israel,USA,Military bases and missile launchers,0,0,US and Israel strike 500+ military targets in western and central Iran using over 1200 bombs in first 24 hours. HIMARS launchers used alongside Tomahawks and stealth bombers,0,False
2026-02-28,2026-02-28 10:00:00,inferred,1,Iran,Iran (nationwide),Cyber Attack,Israel,Israel,Iranian internet and media infrastructure,0,0,Israel conducts coordinated cyberattacks. BadeSaba Calendar prayer app (5M downloads) hacked to broadcast defection messages. Iran's internet drops to 1-4% of normal levels causing 60+ hour near-total blackout,0,False
2026-02-28,2026-02-28 10:30:00,known,1,Iran,Minab,Airstrike,USA,USA,Shajareh Tayyebeh girls elementary school,180,95,US Tomahawk missile strikes girls school in Minab adjacent to Sayyid al-Shuhada military complex. 180 killed mostly schoolchildren 95 wounded. Preliminary US investigation found outdated targeting data used. UN experts characterize as potential war crime,275,True
2026-02-28,2026-02-28 11:00:00,inferred,1,Iran,Lamerd,Airstrike,USA/Israel,USA,Sports hall,18,30,Sports hall in Lamerd bombed during girls practice session. At least 18 civilians killed,48,True
2026-02-28,2026-02-28 11:30:00,inferred,1,Iran,Bushehr,Airstrike,USA/Israel,USA,Port city and nuclear reactor vicinity,0,0,IRGC reports Bushehr port struck. Proximity to Bushehr Nuclear Power Plant prompts Rosatom to evacuate non-essential staff and suspend construction on new units,0,False
2026-02-28,2026-02-28 12:00:00,known,1,Iran,Iran (multiple cities),Missile Strike,Iran,Iran,Israel and Gulf states,0,0,Iran launches Operation True Promise IV — retaliatory ballistic missiles toward Israel and multiple Gulf states. IRGC fires over 500 ballistic missiles and nearly 2000 drones in first week. Response far quicker than Twelve-Day War suggesting reorganized command structure,0,False
2026-02-28,2026-02-28 12:30:00,inferred,1,Iraq,Jurf al-Sakhar,Airstrike,USA/Israel,USA,PMF fighters,2,3,Two PMF fighters killed three injured in strikes on Jurf al-Sakhar south of Baghdad,5,True
2026-02-28,2026-02-28 13:00:00,inferred,1,Iraq,Erbil,Missile Strike,Iran,Iran,Erbil International Airport and US Consulate,0,0,Iranian aerial attacks target infrastructure in Kurdistan Region hosting US military and civilian personnel including Erbil International Airport and US Consulate General. Most intercepted,0,False
2026-02-28,2026-02-28 13:30:00,inferred,1,Iraq,Baghdad,Drone Strike,Iran,Iran,Baghdad area,0,0,Iranian drone strikes reported near Baghdad,0,False
2026-02-28,2026-02-28 14:00:00,known,1,Israel,Tel Aviv,Missile Strike,Iran,Iran,Residential and military areas,1,27,Missiles confirmed in Israel. Direct hit in Tel Aviv kills one civilian woman injures 27 others. Strikes reported in Haifa and Tel Aviv,28,True
2026-02-28,2026-02-28 14:30:00,inferred,1,Israel,Haifa,Missile Strike,Iran,Iran,Northern Israel,0,0,Strikes reported in Haifa. Jordan shoots down two Iranian ballistic missiles targeting its territory and handles 54 reports of falling debris,0,False
2026-02-28,2026-02-28 15:00:00,inferred,1,Kuwait,Kuwait City,Missile Strike,Iran,Iran,Kuwait International Airport and military bases,0,12,Missile and drone attacks on Kuwait. Explosions at Kuwait International Airport cause injuries. Kuwait foreign ministry summons Iranian ambassador,12,True
2026-02-28,2026-02-28 15:30:00,inferred,1,Kuwait,Ali Al Salem Air Base,Missile Strike,Iran,Iran,US/Italian military base,0,0,Ali Al Salem Air Base in Kuwait struck — also hosted Italian soldiers. IRGC confirms as one of four main US base targets,0,False
2026-02-28,2026-02-28 16:00:00,inferred,1,Oman,Port Muscat area,Naval Attack,Iran,Iran,Commercial vessel,0,0,Iranian bomb hits vessel near Port Muscat,0,False
2026-02-28,2026-02-28 16:30:00,inferred,1,Qatar,Al Udeid Air Base,Missile Strike,Iran,Iran,Largest US air base in Middle East,0,0,IRGC targets Al Udeid Air Base in Qatar. Qatar intercepts multiple waves of missile attacks reports no casualties or property damage,0,False
2026-02-28,2026-02-28 17:00:00,inferred,1,Qatar,Doha,Missile Strike,Iran,Iran,Residential building,0,0,Residential building on outskirts of Doha hit by Iranian strike,0,False
2026-02-28,2026-02-28 17:30:00,inferred,1,Saudi Arabia,Riyadh,Missile Strike,Iran,Iran,Capital and Eastern Province,0,0,Saudi Arabia confirms Iranian attacks on Riyadh and Eastern Province. Claims successful interceptions. Crown Prince MBS authorizes military force against further incursions,0,False
2026-02-28,2026-02-28 18:00:00,inferred,1,UAE,Abu Dhabi,Missile Strike,Iran,Iran,Residential areas and military infrastructure,1,4,Abu Dhabi struck by Iranian ballistic missiles. One Asian national killed by interceptor debris falling on residential area. Fairmont The Palm hotel set on fire. Burj Al Arab damaged by fragments,5,True
2026-02-28,2026-02-28 18:30:00,inferred,1,UAE,Al Dhafra Air Base,Missile Strike,Iran,Iran,US Air Force base,0,0,Al Dhafra Air Base in UAE targeted by IRGC as one of four main US base targets. UAE claims to have successfully intercepted missiles,0,False
2026-02-28,2026-02-28 19:00:00,inferred,1,UAE,Fujairah,Missile Strike,Iran,Iran,City and port,0,0,Fujairah struck by Iranian ballistic missiles as part of broader UAE attacks,0,False
2026-02-28,2026-02-28 19:30:00,inferred,1,UAE,Dubai,Drone Strike,Iran,Iran,Residential areas near Burj Khalifa,0,4,Residential areas of Dubai near Burj Khalifa Dubai Marina and Dubai Palm hit. Fairmont The Palm set on fire 4 injured. Local sources confirm use of Shahed drones,4,True
2026-02-28,2026-02-28 12:00:00,inferred,1,Iran,"Minab, Hormozgan",Airstrike,USA/Israel,USA/Israel,Minab — civilian and military targets,0,0,"Strikes reported in Minab, Hormozgan Province on Day 1. HRANA records significant casualties in this incident.",0,False
2026-02-28,2026-02-28 12:00:00,inferred,1,Iran,"Bandar Jask, Hormozgan",Airstrike,USA/Israel,USA/Israel,Bandar Jask — civilian and military targets,0,0,"Strikes reported in Bandar Jask, Hormozgan Province on Day 1. HRANA records significant casualties in this incident.",0,False
2026-02-28,2026-02-28 12:00:00,inferred,1,Iran,"Konarak, Sistan and Baluchestan",Airstrike,USA/Israel,USA/Israel,Military facilities Konarak,0,0,"Military facilities struck in Konarak, Sistan and Baluchestan. Military casualties recorded.",0,False
2026-02-28,2026-02-28 12:00:00,inferred,1,Iran,"Chabahar, Sistan and Baluchestan",Airstrike,USA/Israel,USA/Israel,Military facilities Chabahar,0,0,"Military facilities struck in Chabahar, Sistan and Baluchestan. Military casualties recorded.",0,False
2026-02-28,2026-02-28 12:00:00,inferred,1,Iran,"Shahin Dezh, West Azerbaijan",Airstrike,USA/Israel,USA/Israel,Military facilities Shahin Dezh,0,0,"Military facilities struck in Shahin Dezh, West Azerbaijan. Military casualties recorded.",0,False
2026-02-28,2026-02-28 12:00:00,inferred,1,Iran,Tehran,Airstrike,USA/Israel,USA/Israel,Mehrabad Airport,0,0,Mehrabad International Airport struck on Day 1 of the war. Confirmed in HRANA Day 1 report.,0,False
2026-02-28,2026-02-28 12:00:00,inferred,1,Iran,Tehran,Airstrike,USA/Israel,USA/Israel,Iran parliament building,0,0,Iran's parliament building targeted by airstrikes on Day 1. Confirmed by Iranian state-linked media.,0,False
2026-02-28,2026-02-28 12:00:00,inferred,1,Iran,"Fordow, Qom Province",Airstrike,USA,USA,Fordow enrichment facility — deeply buried centrifuge halls,0,0,Fordow enrichment facility struck by GBU-57 Massive Ordnance Penetrator bunker-busters targeting deeply buried centrifuge halls. Confirmed in multiple sources covering Day 1 strikes.,0,False
2026-02-28,2026-02-28 12:00:00,inferred,1,UAE,"Near Zayed International Airport, Abu Dhabi",Missile Strike,Iran,Iran,Residential area near Zayed International Airport,1,7,"Debris from intercepted Iranian missile falls on residential area near Zayed International Airport in Abu Dhabi. One Pakistani national civilian killed, seven others injured from shrapnel and blasts.",8,True
2026-02-28,2026-02-28 12:00:00,inferred,1,UAE,"Palm Jumeirah / Burj Al Arab area, Dubai",Missile Strike,Iran,Iran,Residential and commercial structures Palm Jumeirah and Burj Al Arab vicinity,0,0,Fallen Iranian missile debris causes damage to structures in Dubai including areas around Palm Jumeirah and Burj Al Arab hotel. Confirmed by multiple sources on Day 1.,0,False
2026-02-28,2026-02-28 12:00:00,inferred,1,UAE,"Corniche / Al Dhafra / Bateen districts, Abu Dhabi",Missile Strike,Iran,Iran,Civilian and mixed-use areas Corniche Al Dhafra and Bateen districts,0,0,"Loud explosions shake Abu Dhabi's Corniche, Al Dhafra, and Bateen districts as Iranian ballistic missiles and debris impact across the capital on Day 1.",0,False
2026-02-28,2026-02-28 12:00:00,inferred,1,UAE,Abu Dhabi Shah oil field,Drone Strike,Iran,Iran,Shah oil field Abu Dhabi,0,0,Drone strike on Abu Dhabi's Shah oil field causes fire on Day 1.,0,False
2026-03-01,2026-03-01 06:00:00,inferred,2,Bahrain,Manama,Missile Strike,Iran,Iran,US Fifth Fleet headquarters,0,0,Iranian missiles again fired at Fifth Fleet headquarters in Bahrain,0,False
2026-03-01,2026-03-01 06:30:00,inferred,2,Iran,Tehran,Airstrike,USA/Israel,USA,Military and government targets,5,0,Second wave of US-Israel strikes on Tehran. B-2 bombers strike hardened ballistic missile facilities. Tehran Revolutionary Court bombed and destroyed. Explosions near Azadi Stadium Azadi Square and Milad Tower. At least 5 killed in Absardar region,5,True
2026-03-01,2026-03-01 07:00:00,inferred,2,Iran,Tehran,Assassination,USA/Israel,Israel,Iranian military leadership,0,0,Chief of Staff Abdolrahim Mousavi confirmed killed by Iranian state media. Former president Mahmoud Ahmadinejad initially reported killed though later reports unclear. Mohammad Baseri and Gholamreza Rezaian intelligence officials also killed,0,False
2026-03-01,2026-03-01 07:30:00,inferred,2,Iran,Tehran,Assassination,USA/Israel,Israel,Iranian officials,0,0,Ali Larijani announces Interim Leadership Council after Khamenei death. Iran's top security council confirms 40+ officials killed. Khamenei family members including daughter son-in-law grandchild also killed,0,False
2026-03-01,2026-03-01 08:00:00,inferred,2,Iraq,Erbil,Drone Strike,Iran-backed militia,Iran,Airport and US facilities,0,0,Explosion near Erbil Airport after attack by Iraqi militia drones,0,False
2026-03-01,2026-03-01 08:30:00,inferred,2,Israel,"Israel, UAE, Qatar, Kuwait, Bahrain, Jordan, Saudi Arabia",Missile Strike,Iran,Iran,Multiple Gulf and Israeli targets,0,32,Iran launches retaliatory missile and drone strikes against Israel UAE Qatar Kuwait Bahrain Jordan and Saudi Arabia. IDF estimates ~170 ballistic missiles launched,32,True
2026-03-01,2026-03-01 09:00:00,inferred,2,Israel,Beit Shemesh,Missile Strike,Iran,Iran,Synagogue and residential buildings,9,51,Iranian missile breaches Israeli defenses and hits synagogue in Beit Shemesh killing 9 people leaving 11 missing injuring 51 others,60,True
2026-03-01,2026-03-01 09:30:00,inferred,2,Israel,Israel,Missile Strike,Iran,Iran,Jerusalem,0,6,Iranian ballistic missile hits area of Jerusalem towards end of day causing property damage wounding 6 people,6,True
2026-03-01,2026-03-01 10:00:00,inferred,2,Kuwait,Kuwait City,Missile Strike,Iran,Iran,Residential and commercial areas,1,32,Iranian attacks kill one person and injure 32 in Kuwait,33,True
2026-03-01,2026-03-01 10:30:00,inferred,2,Oman,"Khasab, Oman",Naval Attack,Iran,Iran,Palau-flagged tanker Skylight,0,4,Oil tanker Skylight targeted 5 nautical miles north of Khasab port. 4 injuries among Indian-Iranian crew,4,True
2026-03-01,2026-03-01 11:00:00,inferred,2,Oman,Gulf of Oman,Naval Attack,Iran,Iran,Marshall Islands tanker MKD VYOM,1,0,Marshall Islands-flagged tanker MKD VYOM damaged after being struck off Oman coast killing one crew member. Port of Duqm hit by two Iranian drones injuring one expatriate worker,1,True
2026-03-01,2026-03-01 11:30:00,known,2,Qatar,Doha,Drone Strike,Iran,Iran,City — second wave,0,0,Series of loud blasts recorded in Doha continuing for hours (~22:00 UTC),0,False
2026-03-01,2026-03-01 12:00:00,inferred,2,Saudi Arabia,Prince Sultan Air Base,Interception,Saudi Arabia,Saudi Arabia,Incoming Iranian missiles,0,0,Saudi Arabia claims to have shot down missiles fired at Prince Sultan Airbase and King Khalid International Airport (~15:30 UTC),0,False
2026-03-01,2026-03-01 12:30:00,inferred,2,Saudi Arabia,Riyadh,Missile Strike,Iran,Iran,Capital — second wave,0,0,Riyadh again hit by direct Iranian strikes. Saudi oil refinery closed after being targeted by Iranian drones. Analyst states this marks a significant escalation,0,False
2026-03-01,2026-03-01 13:00:00,inferred,2,Syria,"Inkhil, Syria",Missile Strike,Iran,Iran,Residential area,0,2,Debris from unidentified missile falls in Ain Tarma Syria causing damage and injuries,2,True
2026-03-01,2026-03-01 13:30:00,known,2,UAE,UAE energy installation,Airstrike,Iran,Iran,AWS data center,0,0,Amazon Web Services data center in UAE struck by Iranian drones causing sparks and fire. Complete power cut and shutdown. Temporary connectivity outage in availability zone. Multiple AWS data centers in UAE damaged leading to major web infrastructure outages across Middle East,0,False
2026-03-01,2026-03-01 14:00:00,inferred,2,UAE,Abu Dhabi,Drone Strike,Iran,Iran,Etihad Towers and Al-Salam Naval Base,0,2,Drone intercepted near Etihad Towers complex near Israeli embassy — debris damages towers injures woman and child. Two Iranian drones target warehouse at Al-Salam Naval Base causing fire,2,True
2026-03-01,2026-03-01 14:30:00,inferred,2,UAE,Abu Dhabi,Missile Strike,Iran,Iran,French naval base Camp de la Paix,0,0,French naval base Camp de la Paix in Abu Dhabi reportedly struck by Iranian missile or drone,0,False
2026-03-01,2026-03-01 15:00:00,inferred,2,UK,Near Cyprus,Interception,UK RAF,UK,Incoming drones,0,0,RAF Typhoon shoots down Iranian drone bound for Qatari airspace. UK Defence Secretary Healey says Iran fired two missiles toward British Cyprus bases,0,False
2026-03-01,2026-03-01 12:00:00,inferred,2,Iran,Tehran,Airstrike,USA/Israel,USA/Israel,General Staff of the Armed Forces building,0,0,Reports indicate the building of the General Staff of the Armed Forces in Tehran was struck on Day 2.,0,False
2026-03-01,2026-03-01 12:00:00,inferred,2,Iran,Tehran,Airstrike,USA/Israel,USA/Israel,Army Joint Staff building,0,0,Army Joint Staff building in Tehran struck on Day 2.,0,False
2026-03-01,2026-03-01 12:00:00,inferred,2,Iran,Tehran,Airstrike,USA/Israel,USA/Israel,Doushan Tappeh / 11th Tactical Air Base,0,0,"Doushan Tappeh, also known as the 11th Tactical Air Base, struck. Initially confirmed in HRANA Day 2 report.",0,False
2026-03-01,2026-03-01 12:00:00,inferred,2,Iran,"Dezful, Khuzestan",Airstrike,USA/Israel,USA/Israel,Fourth Tactical Air Base Dezful,0,0,Fourth Tactical Air Base in Dezful struck on Day 2.,0,False
2026-03-01,2026-03-01 12:00:00,inferred,2,Iran,"Mehran, Ilam",Airstrike,USA/Israel,USA/Israel,Mehran border regiment headquarters,0,0,Attack on Mehran border regiment headquarters. Some reports mention killing of 21 individuals including career personnel and conscript soldiers.,0,False
2026-03-01,2026-03-01 12:00:00,inferred,2,Iran,"Kamyaran, Kurdistan",Airstrike,USA/Israel,USA/Israel,IRGC missile bases near Kamyaran,0,0,"IRGC missile bases near Kamyaran, Kurdistan targeted on Day 2.",0,False
2026-03-01,2026-03-01 12:00:00,inferred,2,Iran,"Kamyaran, Kurdistan",Airstrike,USA/Israel,USA/Israel,Kamyaran Police Station No. 11,0,0,Kamyaran Police Station No. 11 targeted on Day 2. Internal security target.,0,False
2026-03-01,2026-03-01 12:00:00,inferred,2,Iran,"Ta'avon Township, Kermanshah",Airstrike,USA/Israel,USA/Israel,Basij base Ta'avon Township,0,0,"Basij base in Ta'avon Township, Kermanshah struck on Day 2. Fatalities reported.",0,False
2026-03-01,2026-03-01 12:00:00,inferred,2,Iran,"Ravansar, Kermanshah",Airstrike,USA/Israel,USA/Israel,IRGC headquarters Ravansar,0,0,"IRGC headquarters in Ravansar struck. At least one death recorded, several injuries reported by HRANA.",0,False
2026-03-01,2026-03-01 12:00:00,inferred,2,Iran,"Kashan, Isfahan",Airstrike,USA/Israel,USA/Israel,IRGC installation Kashan,12,0,"Strike on IRGC installation in Kashan, Isfahan Province. Official report states 12 IRGC members killed.",12,True
2026-03-01,2026-03-01 12:00:00,inferred,2,Iran,Tehran,Airstrike,USA/Israel,USA/Israel,Khatam al-Anbia Hospital,0,0,Khatam al-Anbia Hospital in Tehran struck on Day 2. Confirmed in HRANA Day 2 report.,0,False
2026-03-01,2026-03-01 12:00:00,inferred,2,Iran,Tehran,Airstrike,USA/Israel,USA/Israel,Motahari Hospital,0,0,Motahari Hospital in Tehran struck on Day 2. Confirmed in HRANA Day 2 report.,0,False
2026-03-01,2026-03-01 12:00:00,inferred,2,Iran,Tehran,Airstrike,USA/Israel,USA/Israel,Gandhi Hospital — evacuation of patients including children,0,0,Gandhi Hospital in Tehran struck. Multiple reports on Day 2 about damage and evacuation of patients including children.,0,False
2026-03-01,2026-03-01 12:00:00,inferred,2,Iran,Hamadan,Airstrike,USA/Israel,USA/Israel,Emergency base Hamadan,0,2,Emergency base in Hamadan struck. Healthcare personnel injured.,2,True
2026-03-01,2026-03-01 12:00:00,inferred,2,Iran,"Sarab, East Azerbaijan",Airstrike,USA/Israel,USA/Israel,Emergency base Sarab,0,2,Emergency base in Sarab struck. Healthcare personnel injured.,2,True
2026-03-01,2026-03-01 12:00:00,inferred,2,Iran,Tehran,Airstrike,USA/Israel,USA/Israel,National wrestling teams training camp,0,0,National wrestling teams training camp struck on Day 2.,0,False
2026-03-01,2026-03-01 12:00:00,inferred,2,Iran,Tehran,Airstrike,USA/Israel,USA/Israel,Handball Federation facilities,0,0,Handball Federation facilities struck on Day 2.,0,False
2026-03-01,2026-03-01 12:00:00,inferred,2,Iran,"Urmia, West Azerbaijan",Airstrike,USA/Israel,USA/Israel,Educational center Urmia,0,2,Educational center in Urmia struck. Two individuals injured.,2,True
2026-03-01,2026-03-01 12:00:00,inferred,2,Iran,Airbases across Iran,Airstrike,USA,USA,Multiple F-14 Tomcat fighter jets at airbases across Iran,0,0,USAF strikes hit military aircraft and drone launchers including multiple F-14 Tomcat fighter jets at airbases across Iran on Day 2. Confirmed in Wikipedia timeline of the 2026 Iran war.,0,False
2026-03-01,2026-03-01 12:00:00,inferred,2,Lebanon,"Nabi Chit, Beqaa Valley",Airstrike,Israel,Israel,Nabi Chit — Hezbollah infrastructure and personnel,41,40,IDF strikes Nabi Chit in eastern Lebanon. Lebanese Health Ministry confirms over 41 people killed and 40 more injured. Deaths include at least three Lebanese Armed Forces soldiers and one General Security Directorate member. IDF also conducts operation in area reportedly related to search for Ron Arad.,81,True
2026-03-01,2026-03-01 12:00:00,inferred,2,Bahrain,"Salman Industrial City, Manama",Missile Strike,Iran,Iran,Foreign vessel undergoing maintenance in Salman Industrial City,1,0,"Debris from intercepted Iranian missile falls onto a foreign vessel undergoing maintenance in Salman Industrial City, Bahrain. One Asian worker killed. Confirmed by Bahrain Ministry of Interior.",1,True
2026-03-01,2026-03-01 12:00:00,inferred,2,UAE,Dubai International Airport,Missile Strike,Iran,Iran,Dubai International Airport — debris impact,0,0,Dubai International Airport hit by debris from a fallen Iranian missile on Day 2. Airport operations affected. Third incident at the airport since Iran began striking UAE.,0,False
2026-03-01,2026-03-01 12:00:00,inferred,2,UAE,Umm Al Quwain,Drone Strike,Iran,Iran,Building in Umm Al Quwain,0,0,"Drone strike on a building in Umm Al Quwain, UAE causes fire on Day 2.",0,False
2026-03-02,2026-03-02 00:16:00,known,3,Iran,"Tehran, Iran",Airstrike,Israel,Israel,IRIB state broadcaster HQ,0,0,IDF destroys IRIB Islamic Republic of Iran Broadcasting headquarters complex in Tehran. IAF fighter jets drop dozens of bombs completely destroying the building. IDF says Iranian regime used communications center to advance IRGC military activities under civilian cover. IRIB confirms departments bombed. State television programs disrupted for several minutes. Marks destruction of Irans main state media apparatus.,0,False
2026-03-02,2026-03-02 06:00:00,inferred,3,Bahrain,Manama,Airstrike,Iran,Iran,Mina Salman port,0,0,Iranian strike targets Mina Salman port in Bahrain causing fire. Debris from intercepted missile kills one worker on foreign ship injures two,0,False
2026-03-02,2026-03-02 06:30:00,known,3,Cyprus,"Akrotiri, Cyprus",Drone Strike,Iran,Iran,RAF Akrotiri airbase — second attack,0,0,RAF Akrotiri targeted again by drone strike around 00:20 UTC setting off air raid sirens. Five drones intercepted one hits airfield causing minor damage. UK MoD confirms base responded. Drones launched before UK permitted US to use bases,0,False
2026-03-02,2026-03-02 07:00:00,inferred,3,International,Gulf,Naval Attack,Iran,Iran,Commercial shipping in Gulf,0,1,Iranian strikes on shipping continue. US-flagged tanker Stena Imperative hit by projectiles off Bahrain fire extinguished. IRGC claims drone strike on Honduras-flagged tanker Athe Nova in Strait of Hormuz,1,True
2026-03-02,2026-03-02 07:30:00,inferred,3,Iran,Tehran,Airstrike,USA/Israel,USA,Government and military targets — night strikes,0,0,IDF strikes dozens of command sites at night in Tehran including ten Ministry of Intelligence sites and one Quds Force site. Khatam-al-Anbia and Gandhi hospitals hit verified by BBC. IDF levels General Staff of Internal Security forces and Thar-Allah HQ,0,False
2026-03-02,2026-03-02 08:00:00,inferred,3,Iran,Natanz,Airstrike,USA/Israel,USA,Natanz nuclear facility,0,0,Satellite images confirm Natanz nuclear facility sustained damage. IAEA confirms entrance buildings damaged but no radiological consequence expected. Natanz fuel enrichment plant itself not additionally damaged,0,False
2026-03-02,2026-03-02 08:30:00,inferred,3,Iran,Iranian territory,Ground Operation,Kurdistani forces,PJAK,Iranian border territory,0,0,PJAK Kurdish armed groups begin military offensive into Iranian territory according to Coalition of Political Forces of Iranian Kurdistan. Thousands of troops cross border. American and Israeli officials reportedly confirm. PJAK official later denies,0,False
2026-03-02,2026-03-02 09:00:00,inferred,3,Iraq,Baghdad,Drone Strike,Iran-backed militia,Iran,US Victory Base,0,0,Two drones target US Victory Base near Baghdad International Airport one reportedly strikes base. Guardians of the Blood Brigade claims responsibility in retaliation for Khamenei assassination,0,False
2026-03-02,2026-03-02 09:30:00,inferred,3,Iraq,Erbil,Drone Strike,Iran-backed militia,Iran,US assets Erbil,0,0,Islamic Resistance in Iraq claims responsibility for over 23 drone strikes on US assets in Erbil,0,False
2026-03-02,2026-03-02 10:00:00,inferred,3,Israel,Northern Israel,Missile Strike,Hezbollah,Hezbollah,Upper Galilee communities,0,0,Hezbollah rockets and missiles hit open areas of northern Israel. IDF intercepts one rocket others hit open areas,0,False
2026-03-02,2026-03-02 10:30:00,inferred,3,Israel,Beersheba,Missile Strike,Iran,Iran,Residential neighborhood,0,19,Iranian missile hits neighborhood in Beersheba injuring 19 people,19,True
2026-03-02,2026-03-02 11:00:00,inferred,3,Kuwait,Kuwait airspace,Friendly Fire,Kuwait Air Force,Kuwait,US F-15E fighters,0,0,Kuwaiti F/A-18 pilot shoots down three US F-15E fighters in friendly fire incident. Six crew members survive. First major friendly fire incident of war,0,False
2026-03-02,2026-03-02 11:30:00,inferred,3,Kuwait,Kuwait City,Missile Strike,Iran,Iran,US Embassy Kuwait,0,0,US Embassy in Kuwait struck and closed indefinitely. No casualties reported. Smoke rises from embassy,0,False
2026-03-02,2026-03-02 12:00:00,inferred,3,Lebanon,Haifa,Missile Strike,Hezbollah,Hezbollah,Missile defense site south of Haifa,0,0,Hezbollah launches projectiles into northern Israel in early hours — first attacks since 2024 ceasefire. Sets off sirens across Haifa and Upper Galilee. IDF declares this an official declaration of war by Hezbollah. Hezbollah says retaliation for killing of Khamenei,0,False
2026-03-02,2026-03-02 12:30:00,inferred,3,Lebanon,Beirut,Airstrike,Israel,Israel,Dahieh and strategic targets,0,0,In response to Hezbollah war declaration IDF strikes Beirut and Beqaa Valley. IDF strikes 70+ targets in Dahieh and southern Lebanon. IDF kills Hezbollah intelligence HQ head Hussein Makled. Evacuation orders issued in 50 communities,0,False
2026-03-02,2026-03-02 13:00:00,inferred,3,Lebanon,Beirut / southern Lebanon,Airstrike,Israel,Israel,Hezbollah infrastructure,0,0,IDF strikes southern Lebanon towns including Haris Nabatieh al-Fawqa and Mayfadoun. IDF kills Abu Hamza Rami PIJ commander in Lebanon in Beirut overnight,0,False
2026-03-02,2026-03-02 13:30:00,inferred,3,Lebanon,Lebanon (south),Airstrike,Israel,Israel,Southern Lebanese infrastructure,0,0,IDF strikes southern Lebanon. Lebanon bans military activities by Hezbollah after attacks. Lebanese government calls for Hezbollah to hand over weapons,0,False
2026-03-02,2026-03-02 14:00:00,inferred,3,Qatar,Qatar airspace,Interception,Qatar,Qatar,Iranian Su-24 bombers,0,0,Qatar shoots down two Iranian Su-24 bombers — first nation to shoot down manned Iranian aircraft in the conflict,0,False
2026-03-02,2026-03-02 14:30:00,inferred,3,Qatar,QatarEnergy (Ras Laffan),Drone Strike,Iran,Iran,LNG facilities,0,0,Iranian drones strike Qatar LNG facilities halting production. Missiles and drones launched at Al Udeid Air Base and industrial facilities. QatarEnergy later declares force majeure on gas exports,0,False
2026-03-02,2026-03-02 15:00:00,inferred,3,Saudi Arabia,Ras Tanura,Airstrike,Iran,Iran,Aramco refining facility,0,0,Aramco Ras Tanura oil refining facility damaged causing contained fire. Saudi officials state it was debris from intercepted Iranian missile. Iran denies targeting facility,0,False
2026-03-02,2026-03-02 15:30:00,inferred,3,UAE,Abu Dhabi,Drone Strike,Iran,Iran,UAE energy and military infrastructure,0,0,UAE claims to have downed 148 Iranian drones 9 ballistic missiles and half a dozen cruise missiles. Witnesses see smoke over Dubai and dark plumes from Port of Jebel Ali,0,False
2026-03-02,2026-03-02 12:00:00,inferred,3,Iran,"Sanandaj, Kurdistan",Airstrike,USA/Israel,USA/Israel,Law Enforcement Command Headquarters of Kurdistan,0,0,Law Enforcement Command Headquarters of Kurdistan Province struck in Sanandaj.,0,False
2026-03-02,2026-03-02 12:00:00,inferred,3,Iran,"Sanandaj, Kurdistan",Airstrike,USA/Israel,USA/Israel,Kurdistan Border Guard Command Center,0,0,Kurdistan Border Guard Command Center in Sanandaj struck.,0,False
2026-03-02,2026-03-02 12:00:00,inferred,3,Iran,Isfahan,Airstrike,USA/Israel,USA/Israel,8th Tactical Air Base — Islamic Republic of Iran Air Force,0,0,8th Tactical Air Base of the Islamic Republic of Iran Air Force in Isfahan targeted.,0,False
2026-03-02,2026-03-02 12:00:00,inferred,3,Iran,Tehran,Airstrike,USA/Israel,USA/Israel,Army Self-Sufficiency Jihad Base,0,0,Army Self-Sufficiency Jihad Base in Tehran targeted.,0,False
2026-03-02,2026-03-02 12:00:00,inferred,3,Iran,"Mehrshahr, Karaj",Airstrike,USA/Israel,USA/Israel,Mosque in Mehrshahr,0,0,"Mosque in Mehrshahr, Karaj struck. Protected site under international humanitarian law.",0,False
2026-03-02,2026-03-02 12:00:00,inferred,3,Iran,"Rey, Tehran Province",Airstrike,USA/Israel,USA/Israel,Governor's office Rey,0,0,Governor's office in Rey struck on Day 3.,0,False
2026-03-02,2026-03-02 12:00:00,inferred,3,Iran,"Bandar Abbas, Hormozgan",Airstrike,USA/Israel,USA/Israel,Shahid Bahonar Pier,0,0,Shahid Bahonar Pier in Bandar Abbas struck on Day 3.,0,False
2026-03-02,2026-03-02 12:00:00,inferred,3,Iran,Tehran,Airstrike,USA/Israel,USA/Israel,Residential complex on Sepahbod Qarani Street,0,0,Residential complex on Sepahbod Qarani Street in Tehran struck. Protected civilian structure.,0,False
2026-03-02,2026-03-02 12:00:00,inferred,3,Iran,Tehran,Airstrike,USA/Israel,USA/Israel,Iranshahr Street Emergency building and adjacent buildings,0,0,Airstrike damaged the Iranshahr Street Emergency building and several adjacent buildings in Tehran.,0,False
2026-03-02,2026-03-02 12:00:00,inferred,3,Iran,Tehran,Airstrike,USA/Israel,USA/Israel,Residential building on Shariati Street,1,0,Residential building on Shariati Street in Tehran struck. One worker killed in a workshop in the same area.,1,True
2026-03-03,2026-03-03 06:00:00,inferred,4,Bahrain,Manama,Missile Strike,Iran,Iran,Pre-dawn missile barrages,0,0,Sirens activated all over Bahrain pre-dawn. Government calls for residents to stay safe. Bahrain reports 74 successfully intercepted missiles and 92 drones since 28 February,0,False
2026-03-03,2026-03-03 06:00:00,inferred,4,Iran,"Bushehr, Iran",Airstrike,USA/Israel,USA/Israel,Bushehr Nuclear Power Plant proximity,0,0,Projectile destroys structure 350 meters from Bushehr Nuclear Power Plant reactor. Confirmed by Airbus satellite imagery via Institute for Science and International Security. Iran reports incident to IAEA. No reactor damage detected. Proximity causes severe international alarm — IAEA monitors closely. Rosatom evacuates non-essential staff suspends new unit construction. Strikes also reportedly destroy underground nuclear weapons facility called Min Zadai beneath SNSC headquarters per Israeli officials.,0,False
2026-03-03,2026-03-03 06:00:00,inferred,4,Iran,"Tehran, Iran",Airstrike,Israel,Israel,Assembly of Experts Tehran,0,0,Israel bombs Irans Assembly of Experts building while its 84 members are in preliminary meeting to elect new supreme leader following Khamenei death. Represents direct targeting of constitutional successor-selection process. Explosion reported near Russian Consulate in Isfahan causing damage. Golestan Palace UNESCO World Heritage Site also damaged in collateral blast prompting UNESCO to condemn attack on protected heritage site.,0,False
2026-03-03,2026-03-03 06:30:00,inferred,4,Iran,Tehran,Airstrike,USA/Israel,USA,SNSC HQ and government buildings,0,0,US-Israeli strikes destroy Supreme National Security Council headquarters Expediency Discernment Council building and alleged underground nuclear facility Min Zadai. Also hit: Assembly of Experts building old imperial Senate Mirdamad Street. Israel reports destroying 300 Iranian missile launchers since war began,0,False
2026-03-03,2026-03-03 07:00:00,inferred,4,Iran,Isfahan,Airstrike,USA/Israel,USA,Military and nuclear sites,0,0,Isfahan and Kermanshah and Shiraz bombed along with other Iranian cities. IRIB Tehran HQ bombed second day in row. Golestan Palace UNESCO World Heritage Site hit by debris from airstrike causing damage to Brilliant Hall and Marble Throne,0,False
2026-03-03,2026-03-03 07:30:00,inferred,4,Iran,Shiraz / Fars province,Airstrike,USA/Israel,USA,Military targets Shiraz,0,0,Shiraz and Fars province struck in continued wave of US-Israeli strikes,0,False
2026-03-03,2026-03-03 08:00:00,inferred,4,Iran,Bushehr,Airstrike,USA/Israel,USA,Bushehr Airport,0,0,Bushehr Airport struck in precision strike — Iran Air Airbus A319 (EP-IEP) on tarmac totally destroyed. Significant structural damage to terminal. Proximity to nuclear plant prompts Rosatom to evacuate staff,0,False
2026-03-03,2026-03-03 08:30:00,inferred,4,Iran,Gulf of Oman,Naval Attack,USA,USA,Iranian naval fleet,0,0,US destroys 17 Iranian ships including most operational Iranian submarine (IRIS Fateh — first submarine sunk in conflict since Falklands War). US sinks missile corvette IRIS Shahid Soleimani. Major degradation of Iranian naval capabilities in Gulf of Oman,0,False
2026-03-03,2026-03-03 09:00:00,inferred,4,Iraq,Erbil,Drone Strike,Iran,Iran,Massive drone strikes Erbil,0,0,Iran launches massive drone strikes against Erbil Iraq. Islamic Resistance in Iraq claims responsibility for explosions in Erbil,0,False
2026-03-03,2026-03-03 09:30:00,inferred,4,Israel,Tel Aviv,Missile Strike,Iran,Iran,Tel Aviv and Israeli cities,0,1,Israeli Police report one person injured after Iranian shrapnel falls in Tel Aviv. Bnei Brak and Rosh HaAyin see Iranian strikes causing 7 injuries total,1,True
2026-03-03,2026-03-03 10:00:00,inferred,4,Lebanon,Lebanon,Assassination,Israel,Israel,Daoud Alizadeh Quds Force commander,1,0,IDF kills Daoud Alizadeh commander of IRGC Quds Force Lebanon branch in Tehran. Israel Defense Minister authorizes ground invasion of Lebanon to seize strategic positions,1,True
2026-03-03,2026-03-03 10:30:00,inferred,4,Lebanon,Tehran,Assassination,Israel,Israel,IRGC Quds Force Lebanon commanders,4,0,IDF strikes kill senior IRGC commander. IDF also kills one IRGC commander separately,4,True
2026-03-03,2026-03-03 11:00:00,inferred,4,Lebanon,Lebanon (southern border),Ground Operation,Israel IDF,Israel,Southern Lebanon strategic positions,0,0,Israeli ground forces begin moving into southern Lebanon. First land-based clashes of Lebanon war. IDF 91st Division establishes security layer against Hezbollah,0,False
2026-03-03,2026-03-03 11:30:00,inferred,4,Lebanon,Southern Lebanon,Ground Operation,Israel IDF,Israel,Southern Lebanon towns,0,0,IDF detains dozen Hezbollah members after rocket strike. Hezbollah launches drones and missiles at Israeli bases. WHO reports 3 paramedics killed 6 injured in southern Lebanon,0,False
2026-03-03,2026-03-03 12:00:00,inferred,4,Qatar,Doha,Airstrike,Iran,Iran,Hamad International Airport,0,0,Iranian attack on Hamad International Airport stopped by Qatari forces. Amazon Web Services targeted across Gulf states causing significant damages in UAE and Bahrain facilities,0,False
2026-03-03,2026-03-03 12:30:00,inferred,4,Saudi Arabia,Riyadh,Airstrike,Iran,Iran,US Embassy Riyadh,0,0,US Embassy in Riyadh struck by two Iranian drones causing fire and prompting its closure. CIA headquarters in Riyadh also hit. Kingdom downs 9 drones entering Saudi airspace,0,False
2026-03-03,2026-03-03 13:00:00,inferred,4,UAE,Abu Dhabi,Missile Strike,Iran,Iran,Pre-dawn strikes on UAE,0,0,UAE detects numerous missiles heading from Iran at ~3:30am local time (23:30 GMT). Multiple missile and drone interceptions,0,False
2026-03-03,2026-03-03 13:30:00,inferred,4,UAE,Dubai,Drone Strike,Iran,Iran,US Consulate and port,0,0,US Consulate in Al Seef Dubai struck by multiple drones causing fire. Witnesses see smoke over Port of Jebel Ali,0,False
2026-03-03,2026-03-03 14:00:00,inferred,4,UAE,Fujairah,Airstrike,Iran,Iran,Fujairah Oil Industry Zone,0,0,Iranian attack on UAE Fujairah Oil Industry Zone causes debris to fall and start fire,0,False
2026-03-03,2026-03-03 12:00:00,inferred,4,Iran,Tehran,Airstrike,USA/Israel,USA/Israel,Allah Akbar Garrison,0,0,Allah Akbar Garrison in Tehran struck on Day 4.,0,False
2026-03-03,2026-03-03 12:00:00,inferred,4,Iran,Kermanshah,Airstrike,USA/Israel,USA/Israel,Military headquarters affiliated with the Mohammad Rasoul Allah Corps,0,0,Military headquarters affiliated with the Mohammad Rasoul Allah Corps in Kermanshah struck.,0,False
2026-03-03,2026-03-03 12:00:00,inferred,4,Iran,"Marivan, Kurdistan",Airstrike,USA/Israel,USA/Israel,Army 328th Infantry Brigade garrison,0,0,Army 328th Infantry Brigade garrison in Marivan struck on Day 4.,0,False
2026-03-03,2026-03-03 12:00:00,inferred,4,Iran,"Najafabad, Isfahan",Airstrike,USA/Israel,USA/Israel,Shahid Yazdani Garrison,0,0,Shahid Yazdani Garrison in Najafabad struck on Day 4.,0,False
2026-03-03,2026-03-03 12:00:00,inferred,4,Iran,Tehran,Airstrike,USA/Israel,USA/Israel,Imam Hossein University,0,0,Imam Hossein University in Tehran struck on Day 4.,0,False
2026-03-03,2026-03-03 12:00:00,inferred,4,Iran,"Sarpol-e Zahab, Kermanshah",Airstrike,USA/Israel,USA/Israel,Shohada Hospital,0,0,Shohada Hospital in Sarpol-e Zahab struck. Protected medical facility under international humanitarian law.,0,False
2026-03-03,2026-03-03 12:00:00,inferred,4,Iran,"Salas-e Babajani, Kermanshah",Airstrike,USA/Israel,USA/Israel,Field hospital,0,0,Field hospital in Salas-e Babajani struck. Protected medical facility under international humanitarian law.,0,False
2026-03-03,2026-03-03 12:00:00,inferred,4,Iran,"Marivan, Kurdistan",Airstrike,USA/Israel,USA/Israel,Criminal Investigation Department,0,0,Criminal Investigation Department in Marivan struck on Day 4.,0,False
2026-03-03,2026-03-03 12:00:00,inferred,4,Iran,"Natanz, Isfahan",Airstrike,USA/Israel,USA/Israel,Nuclear facilities Natanz,0,0,Nuclear facilities in Natanz struck on Day 4. Confirmed in HRANA Day 4 report.,0,False
2026-03-03,2026-03-03 12:00:00,inferred,4,Iran,"Dezful, Khuzestan",Airstrike,USA/Israel,USA/Israel,Dezful Radio building,0,0,Dezful Radio building in Dezful struck on Day 4.,0,False
2026-03-03,2026-03-03 12:00:00,inferred,4,Kuwait,Kuwait,Other,Iran,Iran,US warplanes — several crash in Kuwait,0,0,Kuwait Defence Ministry reports several US warplanes crashed in the country. All crew survived. Confirmed by Kuwait Defence Ministry on Day 4.,0,False
2026-03-03,2026-03-03 12:00:00,inferred,4,UAE,Abu Dhabi Shah oil field,Drone Strike,Iran,Iran,Shah oil field Abu Dhabi — second strike,0,0,Second drone strike targeting Abu Dhabi Shah oil field causing fire on Day 4.,0,False
2026-03-04,2026-03-04 06:00:00,known,5,Bahrain,Manama,Missile Strike,Iran,Iran,Bahrain — continued attacks (13:45 UTC),0,0,Bahrain attacked by Iranian missiles (13:45 UTC),0,False
2026-03-04,2026-03-04 06:00:00,inferred,5,Jordan,"Muwaffaq Salti Air Base, Jordan",Missile Strike,Iran,Iran,US THAAD AN/TPY-2 radar Jordan,0,0,Iranian strike hits and apparently destroys AN/TPY-2 THAAD radar system at Muwaffaq Salti Air Base Jordan. Satellite imagery by CNN and Bloomberg confirms destruction. US official later confirms. Radar over 500 miles from Iran demonstrates long-range precision targeting of US missile defense architecture. THAAD battery radar provides early warning for ballistic missile interception across region. Estimated value $300 million.,0,False
2026-03-04,2026-03-04 06:00:00,inferred,5,UAE,"Al Ruwais, UAE",Missile Strike,Iran,Iran,THAAD radar batteries UAE,0,0,Iranian strikes hit THAAD radar battery sites at Al Ruwais and Sader UAE. Satellite imagery shows dark markings on three buildings including pull-through vehicle sheds housing radar systems. Represents systematic targeting of US missile defense infrastructure across Gulf. Smoke also seen near Prince Sultan Air Base Saudi Arabia near THAAD radar position. Multiple US radar systems struck in opening days degrading missile interception capability.,0,False
2026-03-04,2026-03-04 06:30:00,inferred,5,India,"Kochi, India",Naval Attack,Iran,Iran,IRIS Lavan landing ship,0,0,Iranian landing ship IRIS Lavan with 183 sailors seeks refuge and is interned at Kochi India late evening following attack on IRIS Dena,0,False
2026-03-04,2026-03-04 07:00:00,inferred,5,International,"Near Galle, Sri Lanka",Naval Attack,USA,USA,IRIS Dena Iranian frigate,87,32,USS Charlotte (submarine) sinks Iranian frigate IRIS Dena ~40 nautical miles south of Galle Sri Lanka. Ship returning from International Fleet Review 2026 in Visakhapatnam India and carried no ammunition per exercise rules. 87 killed 32 rescued by Sri Lanka Navy. First ship sunk by submarine in combat since Falklands War,119,True
2026-03-04,2026-03-04 07:30:00,known,5,Iran,Bandar Abbas,Naval Attack,USA/Israel,USA,Iranian Soleimani-class corvette,0,0,US-Israeli airstrike sinks Iranian Soleimani-class corvette in port of Bandar Abbas (13:15 UTC). Second Iranian warship sunk that day,0,False
2026-03-04,2026-03-04 08:00:00,inferred,5,Iran,Tehran,Interception,Israel IDF,Israel,Iranian Yak-130 — first F-35 air kill,1,0,IDF F-35I Adir shoots down Russian-made Iranian Yak-130 fighter jet over Tehran. First time in history stealth fighter shoots down manned aircraft in air-to-air combat. First Israeli air-to-air kill since 1985,1,True
2026-03-04,2026-03-04 08:30:00,known,5,Iran,Tehran,Airstrike,Israel,Israel,Major military outpost — all Iranian security branches (16:15 UTC),0,0,Israel announces completion of major large-scale airstrikes on military outpost housing soldiers from all branches of Iran's security apparatus (16:15 UTC). Basij HQ hit. Missile launch pads defense systems supply directorate struck,0,False
2026-03-04,2026-03-04 09:00:00,inferred,5,Iraq,Sulaymaniyah,Drone Strike,Iran,Iran,Sulaymaniyah Iraqi Kurdistan,0,0,Iranian drones attack Sulaymaniyah in Iraqi Kurdistan,0,False
2026-03-04,2026-03-04 09:30:00,inferred,5,Iraq,US Embassy Baghdad,Drone Strike,Iran-backed militia,Iran,US Embassy Baghdad,0,0,Drone downed near Baghdad International Airport. Guardians of Blood Brigade attacks US Victory Base. PMF factions conduct multiple drone strikes against US infrastructure,0,False
2026-03-04,2026-03-04 10:00:00,inferred,5,Kuwait,Kuwait,Drone Strike,Iran,Iran,Kuwait with large drone force,1,0,IRGC Ground Forces attack Kuwait with large number of drones. 11-year-old girl killed after being hit by shrapnel,1,True
2026-03-04,2026-03-04 10:30:00,known,5,Lebanon,Lebanon (Serghaya),Ground Operation,Syria,Syria,Syrian-Lebanese border,0,0,Syrian forces block Syrian-Lebanese border claiming to stop Hezbollah from crossing and smuggling weapons (10:00 UTC),0,False
2026-03-04,2026-03-04 11:00:00,inferred,5,Lebanon,Lebanon (south),Missile Strike,Hezbollah,Hezbollah,Israel from Lebanon — massive barrage,0,0,Multiple rockets missiles and drones launched toward Israel from Lebanon and Iran simultaneously (11:55-12:35 UTC). First major combined Hezbollah-Iran strike,0,False
2026-03-04,2026-03-04 11:30:00,known,5,Lebanon,Beirut,Airstrike,Israel,Israel,Hezbollah targets southern Lebanon (12:35 UTC),0,0,Israel launches retaliatory airstrikes at Hezbollah targets in southern Lebanon. Lebanon's Islamic Group HQ destroyed. Hezbollah clashes with Israeli forces in Khiam. Hezbollah claims hitting Israeli tank in Houla — Israel confirms two soldiers injured by anti-tank fire,0,False
2026-03-04,2026-03-04 12:00:00,inferred,5,Lebanon,Lebanon (southern border),Ground Operation,Israel IDF,Israel,Ground incursion — first land clashes,2,0,Israeli ground forces move deeper into Lebanon. First land-based clashes of war. IDF 91st Division advances beyond five existing positions. Hezbollah Puma APC damaged by rocket then Caterpillar D9 bulldozer hit assisting it killing two soldiers,2,True
2026-03-04,2026-03-04 12:30:00,inferred,5,Qatar,Doha,Airstrike,Iran,Iran,Qatar energy and military infrastructure,0,0,QatarEnergy declares force majeure on gas exports and shuts down gas liquefaction. Al Udeid Air Base hit with no casualties per Qatari MoD,0,False
2026-03-04,2026-03-04 13:00:00,inferred,5,Saudi Arabia,Ras Tanura,Missile Strike,Iran,Iran,Aramco Ras Tanura — second hit,0,0,Aramco Ras Tanura oil refining facility again hit by Iranian projectile,0,False
2026-03-04,2026-03-04 13:30:00,known,5,Turkey,"Dörtyol, Hatay",Missile Strike,Iran,Iran,NATO member territory — first hit,0,0,NATO air defenses shoot down Iranian ballistic missile over Hatay Province landing in Dörtyol. SM-3 interceptor launched from USS Oscar Austin. Turkey asserts right to self-defense. Iran claims technical anomaly. NATO Article 4 consultations begin. First Iranian missile to land on NATO territory,0,False
2026-03-04,2026-03-04 14:00:00,inferred,5,UAE,Fujairah,Airstrike,Iran,Iran,Port of Fujairah,0,0,IRGC Aerospace Force attacks Port of Fujairah with ballistic missile,0,False
2026-03-04,2026-03-04 12:00:00,inferred,5,Iran,Qazvin,Airstrike,USA/Israel,USA/Israel,Alborz Industrial Town,0,0,Alborz Industrial Town in Qazvin struck on Day 5.,0,False
2026-03-04,2026-03-04 12:00:00,inferred,5,Iran,"Urmia, West Azerbaijan",Airstrike,USA/Israel,USA/Israel,Industrial town Urmia,0,0,Industrial town in Urmia struck on Day 5.,0,False
2026-03-04,2026-03-04 12:00:00,inferred,5,Iran,"Vardavard, Tehran Province",Airstrike,USA/Israel,USA/Israel,IRGC logistics warehouse,0,0,IRGC logistics warehouse in Vardavard struck on Day 5.,0,False
2026-03-04,2026-03-04 12:00:00,inferred,5,Iran,"Najafabad, Isfahan",Airstrike,USA/Israel,USA/Israel,Ashura Garrison,0,0,Ashura Garrison in Najafabad struck on Day 5.,0,False
2026-03-04,2026-03-04 12:00:00,inferred,5,Iran,"Afsariyeh, Tehran",Airstrike,USA/Israel,USA/Israel,Basij base Afsariyeh,0,0,Basij base in Afsariyeh district of Tehran struck on Day 5.,0,False
2026-03-04,2026-03-04 12:00:00,inferred,5,Iran,Tehran,Airstrike,USA/Israel,USA/Israel,Ba'athat Hospital,0,0,Ba'athat Hospital in Tehran struck. Protected medical facility under international humanitarian law.,0,False
2026-03-04,2026-03-04 12:00:00,inferred,5,Iran,"Urmia, West Azerbaijan",Airstrike,USA/Israel,USA/Israel,Esmat Girls High School,0,0,Esmat Girls High School in Urmia struck. Educational facility — protected under international humanitarian law.,0,False
2026-03-04,2026-03-04 12:00:00,inferred,5,Iran,"Urmia, West Azerbaijan",Airstrike,USA/Israel,USA/Israel,Blood Transfusion Organization,0,0,Blood Transfusion Organization building in Urmia struck on Day 5.,0,False
2026-03-04,2026-03-04 12:00:00,inferred,5,Iran,"Shiraz, Fars",Airstrike,USA/Israel,USA/Israel,Sarallah Hosseiniyeh,0,0,Sarallah Hosseiniyeh in Shiraz struck. Protected under international humanitarian law.,0,False
2026-03-04,2026-03-04 12:00:00,inferred,5,Iran,"Sohrevardi district, Tehran",Airstrike,USA/Israel,USA/Israel,Surgical center Sohrevardi district,0,0,Surgical center in Sohrevardi district of Tehran struck. Protected medical facility under international humanitarian law.,0,False
2026-03-05,2026-03-05 06:00:00,inferred,6,Azerbaijan,Nakhchivan,Drone Strike,Iran (IRGC),Iran,Nakhchivan International Airport and village,0,2,Two Iranian drones strike Azerbaijan's Nakhchivan exclave. One hits terminal of Nakhchivan International Airport another lands near school in Shakarabad village. Two civilians injured. Azerbaijan summons Iranian ambassador withdraws diplomats and promises military response. First Iranian attack on Azerbaijan. IRGC Telegram channel claims responsibility,2,True
2026-03-05,2026-03-05 06:30:00,inferred,6,International,Gulf,Naval Attack,Iran,Iran,US oil tanker Persian Gulf,0,0,Iran targets US oil tanker in Persian Gulf according to The Guardian. IRGC attacks Malta-flagged oil tanker Prima with drone after vessel ignores warnings about Strait of Hormuz closure,0,False
2026-03-05,2026-03-05 07:00:00,inferred,6,International,Near Cyprus,Interception,Greece,Greece,Iranian Shahed drones,0,0,Greek F-16 fighters down multiple Iranian Shahed drones near Cyprus. Larnaca International Airport temporarily closed. Italy Netherlands and Spain confirm sending warships to defend Cyprus,0,False
2026-03-05,2026-03-05 07:30:00,inferred,6,Iran,Tehran,Airstrike,USA/Israel,USA,Azadi Stadium and Tehran infrastructure,0,0,Iran's largest sports complex — 12000-seat Azadi Stadium arena — destroyed by US-Israeli strike. Two Basij student leaders killed in Israeli airstrikes. Israel launches widespread wave of attacks on Tehran in response to Iranian missile fire,0,False
2026-03-05,2026-03-05 08:00:00,inferred,6,Israel,Tel Aviv,Missile Strike,Iran,Iran,Early morning missile barrages on Israel,0,0,Iran launches missiles at Israel in early hours setting off air-raid alerts in Tel Aviv area. No immediate casualties reported,0,False
2026-03-05,2026-03-05 08:30:00,inferred,6,Israel,Israel,Missile Strike,Iran,Iran,Multiple Israeli cities,0,0,Multiple missile salvos target Israeli cities. Suspected debris from intercepted Iranian missile lands in Petah Tikva causing fire,0,False
2026-03-05,2026-03-05 09:00:00,inferred,6,Lebanon,"Beddawi, Lebanon",Assassination,Israel,Israel,Hamas official Wassim Attallah al-Ali,1,0,IDF kills Hamas official Wassim Attallah al-Ali in Beddawi Lebanon,1,True
2026-03-05,2026-03-05 09:30:00,inferred,6,Oman,"Khasab, Oman",Naval Attack,Iran,Iran,Shipping near Khasab,0,0,Iranian attacks on shipping near Khasab Oman continue,0,False
2026-03-05,2026-03-05 10:30:00,inferred,6,Saudi Arabia,Al-Kharj,Interception,Saudi Arabia,Saudi Arabia,Cruise missiles targeting Al-Kharj,0,0,Saudi Arabia intercepts over three cruise missiles in early hours outside city of Al-Kharj,0,False
2026-03-05,2026-03-05 11:00:00,inferred,6,Turkey,"Hatay, Turkey",Interception,NATO/Turkey,Turkey,Second missile incident Turkey,0,0,NATO integrated air defense systems intercept Iranian missile entering Turkish airspace over Hatay. Turkey deploys F-16s and air defense to Northern Cyprus,0,False
2026-03-05,2026-03-05 12:00:00,inferred,6,Iran,"Sardasht, West Azerbaijan",Airstrike,USA/Israel,USA/Israel,Ministry of Intelligence office Sardasht,0,0,Ministry of Intelligence office in Sardasht struck on Day 6.,0,False
2026-03-05,2026-03-05 12:00:00,inferred,6,Iran,"Sanandaj, Kurdistan",Airstrike,USA/Israel,USA/Israel,IRGC Imam Ali garrison,0,0,IRGC Imam Ali garrison in Sanandaj struck on Day 6.,0,False
2026-03-05,2026-03-05 12:00:00,inferred,6,Iran,"Malayer, Hamadan",Airstrike,USA/Israel,USA/Israel,Paper factory Malayer,0,0,Paper factory in Malayer struck on Day 6.,0,False
2026-03-05,2026-03-05 12:00:00,inferred,6,Iran,"Dasht-e Azadegan, Khuzestan",Airstrike,USA/Israel,USA/Israel,Chazabeh border terminal,0,0,Chazabeh border terminal in Dasht-e Azadegan struck on Day 6.,0,False
2026-03-05,2026-03-05 12:00:00,inferred,6,Iran,Tehran,Airstrike,USA/Israel,USA/Israel,Jannat Abad Police Station No. 138,0,0,Jannat Abad Police Station No. 138 in Tehran struck on Day 6.,0,False
2026-03-05,2026-03-05 12:00:00,inferred,6,Iran,Tehran,Airstrike,USA/Israel,USA/Israel,Yas Nabi Girls Elementary School,0,0,Yas Nabi Girls Elementary School in Tehran struck. Educational facility — protected under international humanitarian law.,0,False
2026-03-05,2026-03-05 12:00:00,inferred,6,Iran,Tehran,Airstrike,USA/Israel,USA/Israel,12000-seat Azadi Stadium,0,0,12000-seat Azadi Stadium in Tehran struck on Day 6. Confirmed in HRANA Day 6 report.,0,False
2026-03-05,2026-03-05 12:00:00,inferred,6,Iran,Tehran,Airstrike,USA/Israel,USA/Israel,Basat Stadium,0,0,Basat Stadium in Tehran struck on Day 6.,0,False
2026-03-05,2026-03-05 12:00:00,inferred,6,Iran,Tehran,Airstrike,USA/Israel,USA/Israel,District 18 Municipality building,0,0,District 18 Municipality building in Tehran struck on Day 6.,0,False
2026-03-06,2026-03-06 06:00:00,inferred,7,Gulf,Gulf region,Naval Attack,USA,USA,Iranian naval fleet cumulative,0,0,Reuters reports US military has sunk over 30 Iranian ships since war began. CENTCOM confirms 19 ships 1 submarine and nearly 2000 military targets cumulatively destroyed. Iran claims AN/FPS-132 radar in Qatar and AN/TPS-59 radar in Bahrain also destroyed. Systematic US campaign eliminates Iranian blue-water naval capability. IRGC retains fast-boat and mine threat but organized fleet operations effectively ended.,0,False
2026-03-06,2026-03-06 06:30:00,inferred,7,Bahrain,Manama,Drone Strike,Iran,Iran,Hotel and residential buildings,0,0,Bahrain targeted — hotel and two residential buildings hit by Iranian attacks,0,False
2026-03-06,2026-03-06 07:00:00,inferred,7,Iran,Tehran,Airstrike,USA/Israel,USA,Tehran and western Iran,0,0,Heavy US-Israel airstrikes on Tehran Kermanshah Salmas Maku and Saqqez in western Iran. IRGC intelligence site in Lorestan hit. Bank Sepah branch in Tehran struck. IRGC warns future retaliation against US or Israeli banks,0,False
2026-03-06,2026-03-06 07:30:00,inferred,7,Iran,Iran,Airstrike,USA/Israel,USA,IRGC intelligence site Lorestan,0,0,US and Israeli airstrikes hit IRGC intelligence site in Lorestan province,0,False
2026-03-06,2026-03-06 08:00:00,inferred,7,Iraq,Basra,Airstrike,Iran,Iran,Halliburton and KBR oil facilities,0,0,Late on Friday drones strike Iraqi airports and oil facilities. Basra compound housing Halliburton and KBR workers hit and set on fire. Compounds and oil refineries of Halliburton in Basra repeatedly targeted,0,False
2026-03-06,2026-03-06 08:30:00,inferred,7,Kuwait,Kuwait City,Drone Strike,Iran,Iran,Kuwait drones and missiles,0,0,Iran attacks Kuwait with drones and missiles as part of new wider Gulf offensive,0,False
2026-03-06,2026-03-06 09:00:00,inferred,7,Lebanon,"Inkhil, Syria",Missile Strike,Hezbollah,Hezbollah,Syrian town 20km from Damascus,0,0,Hezbollah targets Inkhil Syria following Syrian president's support for disarming Hezbollah. Shells from Lebanon land in Serghaya near Damascus. Syrian army confirms and warns against attacks on its territory,0,False
2026-03-06,2026-03-06 09:30:00,inferred,7,Lebanon,Southern Lebanon,Airstrike,Israel,Israel,Southern Lebanon — UNIFIL area,3,0,Three Ghanaian UNIFIL peacekeepers hit by missile and wounded in Southern Lebanon,3,True
2026-03-06,2026-03-06 10:00:00,inferred,7,Lebanon,Lebanon (south),Ground Operation,Israel IDF,Israel,Southern Lebanon border zone,0,0,IDF continues ground operations in southern Lebanon expanding buffer zone,0,False
2026-03-06,2026-03-06 10:30:00,inferred,7,Oman,Sri Lanka waters,Naval Attack,Iran,Iran,IRIS Bushehr interned,0,0,Sri Lanka Navy takes charge of Iranian tanker IRIS Bushehr and its 208 crew. Vessel moved to Trincomalee area. First warship interned in neutral country since World War II,0,False
2026-03-06,2026-03-06 11:00:00,inferred,7,Qatar,Doha,Missile Strike,Iran,Iran,Qatar — 13 missiles intercepted,0,0,Qatar intercepts 13 Iranian missiles. Iran strikes Qatar as part of wider Gulf offensive,0,False
2026-03-06,2026-03-06 11:30:00,inferred,7,Saudi Arabia,Riyadh,Missile Strike,Iran,Iran,Prince Sultan Air Base — 3 intercepted,0,0,Iran launches new wider Gulf offensive. Saudi Arabia intercepts 3 missiles at Prince Sultan Air Base,0,False
2026-03-06,2026-03-06 12:00:00,inferred,7,Iran,Tehran,Airstrike,USA/Israel,USA/Israel,Mehrabad Airport compound,0,0,Mehrabad Airport compound struck again on Day 7.,0,False
2026-03-06,2026-03-06 12:00:00,inferred,7,Iran,Tehran,Airstrike,USA/Israel,USA/Israel,Police Station No. 11,0,0,Police Station No. 11 in Tehran struck on Day 7.,0,False
2026-03-06,2026-03-06 12:00:00,inferred,7,Iran,Tehran,Airstrike,USA/Israel,USA/Israel,IRGC Vali-e Asr Barracks,0,0,IRGC Vali-e Asr Barracks in Tehran struck on Day 7.,0,False
2026-03-06,2026-03-06 12:00:00,inferred,7,Iran,Ilam,Airstrike,USA/Israel,USA/Israel,Intelligence building Ilam,0,0,Intelligence building in Ilam struck on Day 7.,0,False
2026-03-06,2026-03-06 12:00:00,inferred,7,Iran,"Sarpol-e Zahab, Kermanshah",Airstrike,USA/Israel,USA/Israel,Ministry of Intelligence office Sarpol-e Zahab,0,0,Ministry of Intelligence office building in Sarpol-e Zahab struck on Day 7.,0,False
2026-03-06,2026-03-06 12:00:00,inferred,7,Iran,"Mahabad, West Azerbaijan",Airstrike,USA/Israel,USA/Israel,Mahabad Red Crescent facility,0,0,Mahabad Red Crescent humanitarian facility struck on Day 7. Protected humanitarian organization under international humanitarian law.,0,False
2026-03-06,2026-03-06 12:00:00,inferred,7,Iran,"Shiraz, Fars",Airstrike,USA/Israel,USA/Israel,Medical emergency team operational base Shiraz,0,0,Medical emergency team operational base in Shiraz struck following reported attack on Day 7.,0,False
2026-03-06,2026-03-06 12:00:00,inferred,7,Iran,"Shiraz, Fars",Airstrike,USA/Israel,USA/Israel,Fars Governorate building,0,0,Fars Governorate building in Shiraz struck on Day 7.,0,False
2026-03-06,2026-03-06 12:00:00,inferred,7,Iran,"Miandoab, West Azerbaijan",Airstrike,USA/Israel,USA/Israel,National Iranian Oil Company facility,0,0,National Iranian Oil Company facility in Miandoab struck on Day 7.,0,False
2026-03-07,2026-03-07 06:00:00,inferred,8,Iran,Tehran,Airstrike,USA/Israel,USA,Mehrabad Airport — early hours,0,0,Tehran Mehrabad International Airport struck in early hours. IDF destroys 16 Quds Force aircraft. Israeli military confirms fuel storage facilities in Tehran targeted. Strikes hit oil depots near Tehran causing river of fire along streets and cloud of toxic black smoke,0,False
2026-03-07,2026-03-07 06:00:00,inferred,8,Iran,"Tehran / Karaj, Iran",Airstrike,Israel,Israel,Fuel storage energy complexes Tehran Karaj,0,0,Israel carries out first targeted energy strikes — fuel storage sites in Tehran and neighboring Karaj struck. IDF confirms striking fuel storage and energy complexes used by Iranian Armed Forces. Marks significant escalation from military targets to energy infrastructure. US had opposed Israeli targeting of Iranian oil sites. First step in escalation ladder culminating in South Pars strike eleven days later.,0,False
2026-03-07,2026-03-07 06:30:00,inferred,8,Iran,Isfahan,Airstrike,USA/Israel,USA,Isfahan infrastructure,0,0,US and Israeli forces strike infrastructure targets in Isfahan as part of continued campaign,0,False
2026-03-07,2026-03-07 07:00:00,inferred,8,Iraq,Basra,Drone Strike,Iran,Iran,Basra oil facilities — repeated strikes,0,0,Halliburton and KBR facilities in Basra hit again by Iranian strikes. IRGC attacks Malta-flagged tanker Prima with drone,0,False
2026-03-07,2026-03-07 07:30:00,inferred,8,Kuwait,Port Shuaiba,Drone Strike,Iran,Iran,US military base Kuwait,6,4,Single Iranian drone strike on US base at Port Shuaiba kills 6 US service members — largest single-incident US death toll of war. 4 others seriously injured. All from 103rd Expeditionary Sustainment Command,10,True
2026-03-07,2026-03-07 08:00:00,inferred,8,Lebanon,Lebanon (south),Airstrike,Israel,Israel,Southern Lebanon continued strikes,0,0,Israel continues strikes in southern Lebanon. IDF strikes Hezbollah targets. Pezeshkian tells reporters Iran will stop striking neighbors unless attack originates from there — IRGC ignores and continues attacks,0,False
2026-03-07,2026-03-07 08:30:00,inferred,8,Saudi Arabia,Riyadh,Missile Strike,Iran,Iran,Saudi capital continued strikes,0,0,Iran continues missile strikes on Saudi Arabia. Kuwait Petroleum Corporation declares force majeure cutting oil output,0,False
2026-03-07,2026-03-07 09:00:00,inferred,8,UAE,Fujairah,Drone Strike,Iran,Iran,Fujairah port and industrial area,0,0,Iranian drones attack Fujairah port and industrial area,0,False
2026-03-07,2026-03-07 09:30:00,inferred,8,UAE,Dubai,Drone Strike,Iran,Iran,Dubai International Airport,0,4,Dubai International Airport attacked by Iranian drones later in day despite Pezeshkian ceasefire statement. Two drones fall near airport wounding four people. Airport temporarily halted then resumed limited operations,4,True
2026-03-07,2026-03-07 12:00:00,inferred,8,Iran,Tehran,Airstrike,USA/Israel,USA/Israel,Municipality of District 16,0,0,Municipality of District 16 in Tehran struck on Day 8.,0,False
2026-03-07,2026-03-07 12:00:00,inferred,8,Iran,Tehran,Airstrike,USA/Israel,USA/Israel,Shahid Boroujerdi Logistics and Support Garrison,0,0,Shahid Boroujerdi Logistics and Support Garrison in Tehran struck on Day 8.,0,False
2026-03-07,2026-03-07 12:00:00,inferred,8,Iran,"Ahvaz, Khuzestan",Airstrike,USA/Israel,USA/Israel,Khatam al-Anbia Joint Air Defense Headquarters,0,0,Khatam al-Anbia Joint Air Defense Headquarters in Ahvaz struck on Day 8.,0,False
2026-03-07,2026-03-07 12:00:00,inferred,8,Iran,Isfahan,Airstrike,USA/Israel,USA/Israel,Shahid Babaei 8th Tactical Air Base,0,0,Shahid Babaei 8th Tactical Air Base in Isfahan struck on Day 8.,0,False
2026-03-07,2026-03-07 12:00:00,inferred,8,Iran,Tehran,Airstrike,USA/Israel,USA/Israel,Emergency response base,0,0,Emergency response base in Tehran struck on Day 8. Protected facility under international humanitarian law.,0,False
2026-03-07,2026-03-07 12:00:00,inferred,8,Iran,"Zanganeh, Kermanshah",Airstrike,USA/Israel,USA/Israel,Medical clinic Zanganeh,0,0,Medical clinic in Zanganeh struck on Day 8. Protected medical facility under international humanitarian law.,0,False
2026-03-07,2026-03-07 12:00:00,inferred,8,Iran,"Khomein, Markazi",Airstrike,USA/Israel,USA/Israel,Girls school Khomein,0,0,Girls school in Khomein struck on Day 8. Educational facility — protected under international humanitarian law.,0,False
2026-03-07,2026-03-07 12:00:00,inferred,8,Iran,"Eslamshahr, Tehran Province",Airstrike,USA/Israel,USA/Israel,Residential home Eslamshahr,0,0,Residential home in Eslamshahr struck on Day 8. Protected civilian structure.,0,False
2026-03-07,2026-03-07 12:00:00,inferred,8,Iran,"Qeshm Island, Hormozgan",Airstrike,USA/Israel,USA/Israel,Qeshm Island desalination plant,0,0,Qeshm Island desalination plant struck on Day 8. Critical civilian water infrastructure.,0,False
2026-03-08,2026-03-08 06:00:00,inferred,9,Bahrain,Manama,Missile Strike,Iran,Iran,Crowne Plaza Hotel Manama,0,0,Iranian drone strikes Crowne Plaza Hotel in Manama Bahrain causing fire,0,False
2026-03-08,2026-03-08 06:00:00,inferred,9,Gulf,Gulf region,Missile Strike,Iran,Iran,US THAAD radar systems systematic campaign,0,0,IRGC claims coordinated strikes over 24-hour window destroy four THAAD-associated radars using Ghadr Emad and Kheibar Shekan ballistic missiles. Sites: Al-Rubha UAE Al-Ruwais UAE Al-Kharj Saudi Arabia Azraq Jordan. Iran claims 5 US radars valued at $4 billion destroyed over nine days and 30% of global THAAD inventory damaged. Degrades US early warning architecture for missile interception across entire Gulf and Levant theatre.,0,False
2026-03-08,2026-03-08 07:00:00,inferred,9,Iran,Tehran,Airstrike,USA/Israel,USA,Oil facilities and IRGC aerospace HQ,4,0,Israeli airstrikes hit Iran's oil facilities for first time killing 4 people. IRGC aerospace headquarters and 50 ammunition storage shelters targeted. Fuel depots cause river of fire and toxic black rain falling on Tehran,4,True
2026-03-08,2026-03-08 07:30:00,inferred,9,Iran,Falak-ol-Aflak fortress,Airstrike,USA/Israel,USA,3rd century Sassanian UNESCO-protected fortress,0,0,Falak-ol-Aflak a third-century Sassanian fortress marked with Blue Shield emblem damaged by US-Israeli strikes. Several sections damaged. Blue Shield International calls it a war crime,0,False
2026-03-08,2026-03-08 08:00:00,inferred,9,Israel,Tel Aviv,Missile Strike,Iran,Iran,Tel Aviv and Beersheba,0,3,IRGC says missiles hit military targets in Tel Aviv and Beersheba and Muwaffaq Salti Air Base in Azraq Jordan. At least 3 people injured by Iranian missile shrapnel,3,True
2026-03-08,2026-03-08 08:30:00,inferred,9,Israel,Beit Shemesh,Missile Strike,Iran,Iran,Continued strikes Beit Shemesh,0,0,Continued Iranian missile strikes in Israel including Beit Shemesh area,0,False
2026-03-08,2026-03-08 09:00:00,inferred,9,Kuwait,Kuwait City,Drone Strike,Iran,Iran,Kuwait City tower — PISS building,2,0,Iranian drone strikes engulf Kuwait City tower belonging to Public Institution for Social Security in flames. Two Kuwaiti officers killed performing duties,2,True
2026-03-08,2026-03-08 10:00:00,inferred,9,Oman,Sohar,Drone Strike,Iran,Iran,Sohar industrial area,0,0,Drone attack at Awahi Industrial Area of Sohar Oman kills 2 injures 11,0,False
2026-03-08,2026-03-08 10:30:00,inferred,9,Saudi Arabia,Al-Kharj,Missile Strike,Iran,Iran,Al-Kharj compound,2,12,Strike on compound in Al-Kharj kills 2 people injures 12 others. Sgt. Benjamin Pennington wounded in separate Saudi Arabia attack on 1 March dies of wounds,14,True
2026-03-08,2026-03-08 11:00:00,inferred,9,Saudi Arabia,Prince Sultan Air Base,Airstrike,Iran,Iran,Prince Sultan Air Base — damage to refueling tankers,0,0,Strike on Prince Sultan Air Base earlier in week damages five US refueling tankers per WSJ report. US Central Command announces death of seventh service member from Iranian attack,0,False
2026-03-08,2026-03-08 12:00:00,inferred,9,Iran,Isfahan,Airstrike,USA/Israel,USA/Israel,Kamal Esmail Basij Base,0,0,Kamal Esmail Basij Base in Isfahan struck on Day 9.,0,False
2026-03-08,2026-03-08 12:00:00,inferred,9,Iran,Isfahan,Airstrike,USA/Israel,USA/Israel,Army Garrison Isfahan,0,0,Army Garrison in Isfahan struck on Day 9.,0,False
2026-03-08,2026-03-08 12:00:00,inferred,9,Iran,"Shahin Shahr, Isfahan",Airstrike,USA/Israel,USA/Israel,IRGC Al-Ghadir Brigade 18,0,0,"IRGC Al-Ghadir Brigade 18 base in Shahin Shahr, Isfahan Province struck on Day 9.",0,False
2026-03-08,2026-03-08 12:00:00,inferred,9,Iran,Kermanshah,Airstrike,USA/Israel,USA/Israel,Border Guard Command Headquarters,0,0,Border Guard Command Headquarters in Kermanshah struck on Day 9.,0,False
2026-03-08,2026-03-08 12:00:00,inferred,9,Iran,"Paveh, Kermanshah",Airstrike,USA/Israel,USA/Israel,Paveh Border Regiment,0,0,Paveh Border Regiment base in Paveh struck on Day 9.,0,False
2026-03-08,2026-03-08 12:00:00,inferred,9,Iran,Tehran and Karaj,Airstrike,USA/Israel,USA/Israel,Oil Storage Facilities,0,0,Oil storage facilities in Tehran and Karaj struck on Day 9.,0,False
2026-03-08,2026-03-08 12:00:00,inferred,9,Iran,Isfahan,Airstrike,USA/Israel,USA/Israel,Fajr Kaveh Swimming Complex,0,0,Fajr Kaveh Swimming Complex in Isfahan struck on Day 9. Civilian sports facility.,0,False
2026-03-08,2026-03-08 12:00:00,inferred,9,Iran,"Shahin Shahr, Isfahan",Airstrike,USA/Israel,USA/Israel,Mellat Stadium,0,0,Mellat Stadium in Shahin Shahr struck on Day 9. Civilian sports facility.,0,False
2026-03-08,2026-03-08 12:00:00,inferred,9,Iran,Qom,Airstrike,USA/Israel,USA/Israel,Seminary School Building,0,0,Seminary School Building in Qom struck on Day 9. Protected educational and religious site under international humanitarian law.,0,False
2026-03-08,2026-03-08 12:00:00,inferred,9,Iran,"Zarrin Shahr, Isfahan",Airstrike,USA/Israel,USA/Israel,Judiciary Building,0,0,Judiciary Building in Zarrin Shahr struck on Day 9.,0,False
2026-03-09,2026-03-09 06:00:00,inferred,10,Bahrain,Manama,Missile Strike,Iran,Iran,Bahrain early morning attacks,0,32,Multiple explosions in Bahrain early morning. Iranian drone attack near Manama injures at least 32 Bahraini citizens four serious cases. BAPCO declares force majeure on oil exports after Iranian attack hits only refinery,32,True
2026-03-09,2026-03-09 06:30:00,inferred,10,Iran,Isfahan,Airstrike,USA/Israel,USA,Isfahan strikes,0,0,Continued US-Israeli strikes on Isfahan. Blood donation centers active as Iranian civilian casualties mount,0,False
2026-03-09,2026-03-09 07:00:00,inferred,10,Israel,Eilat,Missile Strike,Iran,Iran,Eilat southern Israel,0,0,Iranian missile fragments hit Eilat seriously injuring a child and lightly injuring a man,0,False
2026-03-09,2026-03-09 07:30:00,inferred,10,Israel,Yehud,Missile Strike,Iran,Iran,Construction site Yehud — cluster bomb,2,1,Cluster bomb attack kills two workers at construction site in Yehud and injures a third in Or Yehuda. First confirmed cluster bomb use by Iran in this conflict,3,True
2026-03-09,2026-03-09 08:00:00,inferred,10,Israel,"Zarzir, Israel",Missile Strike,Iran,Iran,Zarzir Arab-Israeli town,0,60,Iranian missile strike in Zarzir damages around 300 homes and injures around 60 people,60,True
2026-03-09,2026-03-09 08:30:00,inferred,10,Kuwait,Kuwait,Drone Strike,Iran,Iran,Kuwait early morning attacks,0,0,Kuwait early morning attacks. UAE intercepts 12 ballistic missiles and 17 drones from Iran,0,False
2026-03-09,2026-03-09 09:00:00,inferred,10,Qatar,Doha,Missile Strike,Iran,Iran,Qatar early morning attacks,0,0,Qatar early morning missile attacks. Saudi Arabia destroys four drones targeting Shaybah oil field,0,False
2026-03-09,2026-03-09 09:30:00,inferred,10,Turkey,Gaziantep,Interception,NATO/Turkey,Turkey,Second NATO ballistic missile intercept,0,0,NATO confirms second ballistic missile intercepted over Turkish airspace landing near Gaziantep. Turkey deploys six F-16s and air defense to Northern Cyprus,0,False
2026-03-09,2026-03-09 12:00:00,inferred,10,Iran,Isfahan,Airstrike,USA/Israel,USA/Israel,Optical Defense Industries,0,0,Optical Defense Industries facility in Isfahan struck on Day 10.,0,False
2026-03-09,2026-03-09 12:00:00,inferred,10,Iran,"Bandar Abbas, Hormozgan",Airstrike,USA/Israel,USA/Israel,Soru Pier,0,0,Soru Pier in Bandar Abbas struck on Day 10.,0,False
2026-03-09,2026-03-09 12:00:00,inferred,10,Iran,"Mobarakeh, Isfahan",Airstrike,USA/Israel,USA/Israel,Mobarakeh Law Enforcement Command,0,0,Mobarakeh Law Enforcement Command struck on Day 10.,0,False
2026-03-09,2026-03-09 12:00:00,inferred,10,Iran,"Shahriar, Tehran Province",Airstrike,USA/Israel,USA/Israel,Shahid Montazeri Camp,0,0,Shahid Montazeri Camp in Shahriar struck on Day 10.,0,False
2026-03-09,2026-03-09 12:00:00,inferred,10,Iran,Tehran,Airstrike,USA/Israel,USA/Israel,Sahab Pardaz Informatics Company building,0,0,Sahab Pardaz Informatics Company building in Tehran struck on Day 10.,0,False
2026-03-09,2026-03-09 12:00:00,inferred,10,Iran,Isfahan,Airstrike,USA/Israel,USA/Israel,Chehel Sotoun Palace-Museum,0,0,Chehel Sotoun Palace-Museum in Isfahan struck on Day 10. UNESCO-listed heritage site.,0,False
2026-03-09,2026-03-09 12:00:00,inferred,10,Iran,Isfahan,Airstrike,USA/Israel,USA/Israel,Ali Qapu Palace-Museum,0,0,Ali Qapu Palace-Museum in Isfahan struck on Day 10. UNESCO-listed heritage site.,0,False
2026-03-09,2026-03-09 12:00:00,inferred,10,Iran,Tehran,Airstrike,USA/Israel,USA/Israel,Shahidan Nasiri Stadium,0,0,Shahidan Nasiri Stadium in Tehran struck on Day 10. Civilian sports facility.,0,False
2026-03-09,2026-03-09 12:00:00,inferred,10,Iran,Tehran,Airstrike,USA/Israel,USA/Israel,Safaian Clinic and Medical Center,0,0,Safaian Clinic and Medical Center in Tehran struck on Day 10. Protected medical facility.,0,False
2026-03-09,2026-03-09 12:00:00,inferred,10,Iran,"Lar, Fars",Airstrike,USA/Israel,USA/Israel,Bahman Motor Dealership,0,0,Bahman Motor Dealership in Lar struck on Day 10. Civilian commercial property.,0,False
2026-03-10,2026-03-10 06:00:00,inferred,11,Iran,Iranian territory,Airstrike,USA/Israel,USA,Harir Air Base Kurdistan Iran border,0,0,Iran targets US military sites in Harir Air Base Kurdistan region of Iraq. US strikes multiple Iranian minelaying ships. Israel strikes weapons research site in Tehran,0,False
2026-03-10,2026-03-10 06:30:00,inferred,11,Iraq,Iraq / Erbil / Baghdad,Drone Strike,Iran-backed militia,Iran,US and coalition facilities,0,0,Drone strikes on US and coalition facilities in Erbil and Baghdad areas by Iran-backed militias,0,False
2026-03-10,2026-03-10 07:00:00,inferred,11,Lebanon,Lebanon (Serghaya),Missile Strike,Hezbollah,Hezbollah,Syrian army positions near Damascus,0,0,Artillery shells from Lebanon land in Serghaya 20km from Damascus. Syrian Armed Forces confirm and warn response. Israel issues urgent evacuation notice to southern suburbs of Beirut,0,False
2026-03-10,2026-03-10 07:30:00,inferred,11,Lebanon,Beirut,Airstrike,Israel,Israel,Beirut southern suburbs — Dahieh,0,0,Israel issues urgent evacuation notice to southern Beirut suburbs. IDF confirms Hezbollah 90% degraded compared to pre-war capabilities. 700000 Lebanese displaced per UNHCR. Iran missile launch rate fell 90% from Day 1 drone rate fell 83%,0,False
2026-03-10,2026-03-10 08:00:00,inferred,11,Syria,"Inkhil, Syria",Missile Strike,Hezbollah,Hezbollah,Syrian government-held areas,0,0,Syrian media reports Israeli interception of Iranian drones in Jalin and Quneitra. Hezbollah continues targeting Syrian positions,0,False
2026-03-10,2026-03-10 08:30:00,inferred,11,UAE,UAE energy installation,Drone Strike,Iran,Iran,ADNOC Ruwais refinery,0,0,ADNOC shuts down Ruwais refinery due to fire from drone strike. Saudi Civil Defense says drone fell in Al-Zulfi causing material damage but no injuries,0,False
2026-03-10,2026-03-10 12:00:00,inferred,11,Iran,Tehran,Airstrike,USA/Israel,USA/Israel,Resalat Highway intersection,0,0,"Attack on intersection along Tehran's Resalat Highway. HRANA describes this as one of the most tragic events of Day 11, resulting in killing and injury of a large number of civilians.",0,False
2026-03-10,2026-03-10 12:00:00,inferred,11,Iran,Isfahan,Airstrike,USA/Israel,USA/Israel,Eighth Tactical Air Base — Old Airport Isfahan,0,0,Eighth Tactical Air Base (Old Airport) in Isfahan struck on Day 11.,0,False
2026-03-10,2026-03-10 12:00:00,inferred,11,Iran,Kerman,Airstrike,USA/Israel,USA/Israel,Kerman Airport Fuel Depot,0,0,Kerman Airport Fuel Depot struck on Day 11.,0,False
2026-03-10,2026-03-10 12:00:00,inferred,11,Iran,"Azarshahr, East Azerbaijan",Airstrike,USA/Israel,USA/Israel,Law Enforcement Command Azarshahr,0,0,Law Enforcement Command in Azarshahr struck on Day 11.,0,False
2026-03-10,2026-03-10 12:00:00,inferred,11,Iran,"Bandar Abbas, Hormozgan",Airstrike,USA/Israel,USA/Israel,Ninth Tactical Air Base — military section of Bandar Abbas Airport,0,0,"Ninth Tactical Air Base, located in the military section of Bandar Abbas Airport, struck on Day 11.",0,False
2026-03-10,2026-03-10 12:00:00,inferred,11,Iran,Qom,Airstrike,USA/Israel,USA/Israel,IRGC Intelligence Headquarters,0,0,IRGC Intelligence Headquarters in Qom struck on Day 11.,0,False
2026-03-10,2026-03-10 12:00:00,inferred,11,Iran,Tehran,Airstrike,USA/Israel,USA/Israel,Saba Battery Company,0,0,Saba Battery (Saba Battery Company) in Tehran struck on Day 11.,0,False
2026-03-10,2026-03-10 12:00:00,inferred,11,Iran,"Najafabad, Isfahan",Airstrike,USA/Israel,USA/Israel,Najafabad Justice Department — Courthouse,0,0,Najafabad Justice Department / Courthouse struck on Day 11.,0,False
2026-03-10,2026-03-10 12:00:00,inferred,11,Iran,Tehran,Airstrike,USA/Israel,USA/Israel,Municipality Informatics Building,0,0,Municipality Informatics Building in Tehran struck on Day 11.,0,False
2026-03-10,2026-03-10 12:00:00,inferred,11,Iran,"Mehrshahr, Karaj",Airstrike,USA/Israel,USA/Israel,Residential neighborhood on 209 Street,0,0,Residential neighborhood on 209 Street in Mehrshahr struck on Day 11. Protected civilian structure.,0,False
2026-03-10,2026-03-10 12:00:00,inferred,11,Iran,Tehran,Airstrike,USA/Israel,USA/Israel,Soleimani-Bagheri Highway,0,0,Soleimani-Bagheri Highway in Tehran struck on Day 11.,0,False
2026-03-11,2026-03-11 06:00:00,inferred,12,Bahrain,Muharraq Island,Drone Strike,Iran,Iran,Bahrain International Airport fuel tanks,0,0,Iranian drones hit Bahrain International Airport on Muharraq Island setting fuel tanks on fire. Night of 11-12 March,0,False
2026-03-11,2026-03-11 06:00:00,inferred,12,Iran,"Ahvaz / Konarak / Arak, Iran",Airstrike,USA/Israel,USA/Israel,92nd Armored Division Ahvaz / Konarak naval base / Arak industrial,24,4,92nd Armored Division and military HQ in Ahvaz struck. Naval base at Konarak targeted. Production units and warehouse in Arak industrial district hit. Boostan Hospital in Ahvaz also struck raising international concern. HRANA records 285 attacks in 18 provinces with largest concentration in Isfahan. At least 24 civilians including one child killed 4 injured in this wave. US Rewards for Justice Program offers $10 million bounty each for 10 top Iranian leaders including Mojtaba Khamenei.,28,True
2026-03-11,2026-03-11 06:00:00,inferred,12,Iran,Khomein / Bandar Lengeh / Tehran,Airstrike,USA/Israel,USA/Israel,Shaqayeq Girls School / residential areas / aerospace center,0,0,Shaqayeq Girls School in Khomein struck. Missile site in Khomeinishahr targeted. Gas station and oil depot in Tehran hit. Two residential homes in Bandar Lengeh destroyed. Aerospace research center in Tehran struck. Persian Gulf Martyrs Hospital in Bushehr targeted. Training garrison in Birjand hit. Javadieh neighborhood residential units and Shohadaye Haftom-e Tir University dormitory struck.,0,False
2026-03-11,2026-03-11 06:30:00,inferred,12,International,Strait of Hormuz,Naval Attack,Iran,Iran,Multiple vessels Strait of Hormuz,1,30,Bulk carrier Mayuree Naree hit by two missiles catches fire crew abandons ship. Marshall Islands-flagged Star Gwyneth and Japanese One Majesty also damaged. Iraqi armed forces spokesperson says two foreign vessels hit near Al-Faw port one killed 35 rescued. Cargo ship catches fire in straits. 16 total attacks on shipping since war began per UKMTO,31,True
2026-03-11,2026-03-11 07:00:00,inferred,12,Iran,Iran (nationwide),Airstrike,USA/Israel,USA,Nationwide campaign — most intense day,0,0,11 B-1 and 3 B-52 US bombers deployed to RAF Fairford. Hegseth declares most intense day of strikes inside Iran. IDF carries out wave of strikes. 100+ targets related to production and armament struck. Over 500 command and control targets hit since war began,0,False
2026-03-11,2026-03-11 07:30:00,inferred,12,Iran,Tehran,Airstrike,Israel,Israel,Tehran checkpoints — Basij members,10,0,Israeli drone strikes hit checkpoints in Tehran killing at least 10 people including several Basij members,10,True
2026-03-11,2026-03-11 08:00:00,inferred,12,Iran,US (cyber),Cyber Attack,Iran,Iran,US medical supply company,0,0,Iran hits US-based medical supply company with cyber attack,0,False
2026-03-11,2026-03-11 08:30:00,inferred,12,Kuwait,Kuwait,Missile Strike,Iran,Iran,Camp Buehring Kuwait,0,0,IRGC announces two-pronged missile attack on Camp Buehring Kuwait. Drone and missile attacks on Mina Salman port in Bahrain Kuwait Naval Base Camp Patriot and Ali Al Salem Air Base,0,False
2026-03-11,2026-03-11 09:00:00,inferred,12,Oman,"Port of Salalah, Oman",Drone Strike,Iran,Iran,Salalah port fuel tanks,0,0,Iranian drones strike fuel tanks at Port of Salalah Oman. Port suspends operations,0,False
2026-03-11,2026-03-11 09:30:00,inferred,12,UAE,Dubai,Drone Strike,Iran,Iran,Dubai International Airport area,0,4,Two drones fall near Dubai International Airport wounding four people. Drones also strike fuel tanks at Port of Salalah Oman leading port to suspend operations,4,True
2026-03-11,2026-03-11 12:00:00,inferred,12,Iran,"Khomeinishahr, Isfahan",Airstrike,USA/Israel,USA/Israel,Khomein Missile Site,0,0,Missile site in Khomeinishahr struck on Day 12.,0,False
2026-03-11,2026-03-11 12:00:00,inferred,12,Iran,Isfahan,Airstrike,USA/Israel,USA/Israel,Isfahan Army Aviation Base,0,0,Isfahan Army Aviation Base struck on Day 12.,0,False
2026-03-11,2026-03-11 12:00:00,inferred,12,Iran,"Chabahar, Sistan and Baluchestan",Airstrike,USA/Israel,USA/Israel,Imam Ali IRGC Base,0,0,Imam Ali IRGC Base in Chabahar struck on Day 12.,0,False
2026-03-11,2026-03-11 12:00:00,inferred,12,Iran,"Saqqez, Kurdistan",Airstrike,USA/Israel,USA/Israel,Police Station No. 12,0,0,Police Station No. 12 in Saqqez struck on Day 12.,0,False
2026-03-11,2026-03-11 12:00:00,inferred,12,Iran,"Birjand, South Khorasan",Airstrike,USA/Israel,USA/Israel,04 Training Garrison,0,0,04 Training Garrison in Birjand struck on Day 12.,0,False
2026-03-11,2026-03-11 12:00:00,inferred,12,Iran,Bushehr,Airstrike,USA/Israel,USA/Israel,Persian Gulf Martyrs Hospital,0,0,Persian Gulf Martyrs Hospital in Bushehr struck on Day 12. Protected medical facility under international humanitarian law.,0,False
2026-03-11,2026-03-11 12:00:00,inferred,12,Iran,Tehran,Airstrike,USA/Israel,USA/Israel,Gas Station in Khavaran Area,0,0,Gas station in the Khavaran area of Tehran struck on Day 12.,0,False
2026-03-11,2026-03-11 12:00:00,inferred,12,Iran,Tehran,Airstrike,USA/Israel,USA/Israel,Oil Depot on the Tehran-Qom Road,0,0,Oil depot on the Tehran-Qom Road struck on Day 12.,0,False
2026-03-11,2026-03-11 12:00:00,inferred,12,Iran,"Bandar Lengeh, Hormozgan",Airstrike,USA/Israel,USA/Israel,Two residential houses Bandar Lengeh,0,0,Two residential houses in Bandar Lengeh destroyed on Day 12. Protected civilian structures.,0,False
2026-03-12,2026-03-12 06:00:00,inferred,13,Iran,Iran,Assassination,USA/Israel,Israel,Iranian deputy intelligence minister Akbar Ghaffari,1,0,Iranian deputy intelligence minister Akbar Ghaffari killed in Israeli airstrike,1,True
2026-03-12,2026-03-12 06:00:00,inferred,13,Iran,Qeshm / Shiraz / Tehran,Airstrike,USA/Israel,USA/Israel,Qeshm Dareh Shour camp / Shiraz airport / electronics factory,0,0,Shiraz International Airport struck. Dareh Shour tourist camp on Qeshm Island targeted. Electronics factory in Shiraz hit. Aerospace research center Tehran struck. Javadieh neighborhood and university dormitory hit. IDF strikes northern Tehran in heavy morning wave. HRANA records 79 attacks and at least 125 casualties this day including 15 civilians killed 105 injured.,15,True
2026-03-12,2026-03-12 06:30:00,inferred,13,Iran,Isfahan,Airstrike,USA/Israel,USA,Isfahan cultural sites and military,0,0,Safavid-era Rashk-e Jenan (Rashk Palace) destroyed by direct US-Israeli strikes. Chehel Sotoun pavilion Rakib Khaneh Mansion Timurid Hall Ashraf Hall and Ali Qapu Palace windows damaged. Blue Shield International calls this a war crime,0,False
2026-03-12,2026-03-12 07:00:00,inferred,13,Iraq,Baghdad,Drone Strike,Iran-backed militia,Iran,Coalition military camps near Baghdad,0,4,Iranian drones hit coalition military camps near Baghdad wounding US soldiers. 2 drones shot down by British troops,4,True
2026-03-12,2026-03-12 07:30:00,inferred,13,Iraq,Erbil,Drone Strike,Iran-backed militia,Iran,Coalition military camps near Erbil,0,0,Iranian drones hit coalition military camps near Erbil wounding US soldiers,0,False
2026-03-12,2026-03-12 08:00:00,inferred,13,Iraq,Western Iraq,Airstrike,USA/Israel,USA,PMF 18th brigade HQ Al-Qa'im,15,0,PMF militia 18th brigade HQ in Al-Qa'im struck. Overnight strikes kill 15 people. Another strike on PMF base near Kirkuk kills 5. Iraqi government condemns strikes,15,True
2026-03-12,2026-03-12 08:30:00,inferred,13,Iraq,"Mala Qara, Iraqi Kurdistan",Drone Strike,Iran,Iran,Peshmerga base Mala Qara,1,6,Drone attack on Peshmerga base in Mala Qara subdistrict of Makhmur district. Six French soldiers injured one — Arnaud Frion 7th Chasseurs Alpins — later dies. France announces his death on 13 March,7,True
2026-03-12,2026-03-12 09:00:00,inferred,13,Iraq,Western Iraq,Other,USA,USA,KC-135 crash western Iraq,6,0,American Boeing KC-135 Stratotanker crashes in western Iraq killing all six crew. Another damaged and makes emergency landing. CENTCOM says not result of hostile action — incident involving another US aircraft in friendly airspace. Fourth US aircraft lost during war,6,True
2026-03-12,2026-03-12 09:30:00,inferred,13,Iraq,Iraqi coast,Naval Attack,Iran,Iran,Two fuel tankers Iraqi waters,1,0,Maltese-flagged Zefyros and Marshall Islands-flagged Safesea Vishnu attacked in Iraqi waters catching fire. Iraqi oil terminals suspend operations. One person killed. Reporters assume Iranian explosive boats responsible,1,True
2026-03-12,2026-03-12 10:00:00,inferred,13,Israel,Tel Aviv,Missile Strike,Iran,Iran,Tel Aviv — 10 ballistic missiles,0,124,IRGC reports firing 10 ballistic missiles with multiple warheads at Tel Aviv. Israel reports 124 people injured,124,True
2026-03-12,2026-03-12 10:30:00,inferred,13,Lebanon,Beirut,Airstrike,Israel,Israel,Central Beirut buildings,0,0,Massive explosions heard in Beirut. Israel launches new attacks on Lebanese capital before dawn striking Hezbollah infrastructure. IDF issues evacuation orders for many Beirut neighborhoods and southern Lebanon. 850+ killed in Lebanon 800000+ displaced,0,False
2026-03-12,2026-03-12 11:00:00,inferred,13,Lebanon,"Qantara, Lebanon",Airstrike,Israel,Israel,Southern Lebanese town Qantara,5,7,Israeli attacks on two southern Lebanon towns kill at least 5 including child wound 7. Another strike kills entire family in Qantara including two children,12,True
2026-03-13,2026-03-13 06:00:00,inferred,14,International,Gulf region,Missile Strike,Iran,Iran,Gulf states coordinated offensive,0,0,Iran announces coordinated offensive by IRGC Navy Iranian Army and Hezbollah against Israel and US bases. 58 people hospitalized in Israel after missile strike. Iran again targets Gulf countries with missiles and drones. Oil prices rise. Bahrain reports attacks on fuel tanks. Two injured in Kuwait residential building. Kuwait airport and defense equipment attacked and 6 power lines down. Explosions in downtown Dubai. Container ship attacked 35 nautical miles north of Jebel Ali,0,False
2026-03-13,2026-03-13 06:30:00,inferred,14,Iran,Kharg Island,Airstrike,USA,USA,Kharg Island oil export hub,0,0,US bombs Kharg Island Iran's major oil export hub. Trump states every military site destroyed on island. ~90 military targets struck. Oil infrastructure not targeted per Trump quote for reasons of decency. Oil prices up 40%+ since war began,0,False
2026-03-13,2026-03-13 07:00:00,inferred,14,Iran,Tehran,Airstrike,USA/Israel,USA,Tehran Quds Day explosions,1,0,Explosions reported in Tehran during Quds Day rallies. One person killed by shrapnel,1,True
2026-03-13,2026-03-13 07:30:00,inferred,14,Iraq,Western Iraq,Other,USA,USA,Multiple PMF strikes western Iraq,3,0,Air raid hits PMF headquarters in Jurf al-Sakhar area injuring 3. Iraqi air defenses respond to drones near US Embassy Baghdad and Balad airbase,3,True
2026-03-13,2026-03-13 08:00:00,inferred,14,Israel,"Zarzir, Israel",Missile Strike,Iran,Iran,Zarzir residential area — repeated strike,0,60,Iranian missile strike in Zarzir damages 300 homes injures 60 people,60,True
2026-03-13,2026-03-13 08:30:00,inferred,14,Kuwait,Kuwait,Drone Strike,Iran,Iran,Kuwait infrastructure — multiple targets,0,2,Two people injured in hostile drone strike on residential building in Kuwait. Authorities report defense equipment and Kuwait International Airport attacked. Six power lines go out,2,True
2026-03-13,2026-03-13 09:00:00,inferred,14,Oman,Sohar,Drone Strike,Iran,Iran,Sohar industrial area Awahi,2,11,Drone attack at Awahi Industrial Area of Sohar Oman kills 2 injures 11. Ongoing attacks on Omani port infrastructure,13,True
2026-03-13,2026-03-13 09:30:00,inferred,14,Turkey,Adana / Incirlik,Interception,NATO/Turkey,Turkey,Third missile incident Turkey near Incirlik,0,0,Third time ballistic missiles enter Turkish airspace. Explosions heard near Adana. Sirens at Incirlik Air Base. NATO intercepts third ballistic missile over Turkish airspace,0,False
2026-03-14,2026-03-14 06:00:00,inferred,15,Iran,Kharg Island,Airstrike,USA,USA,Kharg Island continued strikes,0,0,US continues strikes on Kharg Island military targets. Trump calls on UK France China South Korea and Japan to send warships to help secure Strait of Hormuz,0,False
2026-03-14,2026-03-14 06:30:00,inferred,15,Iran,Tehran,Airstrike,USA/Israel,USA,Tehran infrastructure — IDF kills two Khatam HQ chiefs,2,0,IDF announces killing two senior Khatam-al Anbiya Central HQ intelligence unit acting chiefs appointed after killing of Saleh Asadi,2,True
2026-03-14,2026-03-14 07:00:00,inferred,15,Iraq,Baghdad,Drone Strike,Iran-backed militia,Iran,US Embassy Baghdad helipad,0,0,Helipad at US Embassy in Iraq in Baghdad struck by aerial attack. Iraqi air defenses respond to drones near US Embassy and Balad airbase,0,False
2026-03-14,2026-03-14 07:30:00,inferred,15,Israel,Eilat,Missile Strike,Iran,Iran,Eilat — child seriously injured,0,2,Iranian missile fragments hit Eilat seriously injuring child and lightly injuring man,2,True
2026-03-14,2026-03-14 08:00:00,inferred,15,Kuwait,Kuwait,Drone Strike,Iran,Iran,Ahmad al-Jaber Air Base and Kuwait airport,3,0,Drone attack on Ahmad al-Jaber Air Base lightly injures three Kuwaiti soldiers. Another attack on Kuwait International Airport damages radar system. Two missiles strike perimeter of Ahmad al-Jaber wounding 3 soldiers,3,True
2026-03-14,2026-03-14 08:30:00,inferred,15,Kuwait,Kuwait City,Drone Strike,Iran,Iran,Kuwait City — kills 2 wounded dozens,2,20,At least 2 killed and dozens wounded in Iranian strikes on Kuwait since escalation. Police arrest 6 for spreading misinformation about Iranian attacks,22,True
2026-03-14,2026-03-14 09:00:00,inferred,15,Saudi Arabia,Riyadh,Interception,Saudi Arabia,Saudi Arabia,Drones over Riyadh,0,0,Saudi Ministry of Defence says four drones intercepted in Riyadh metropolitan area. Six ballistic missiles toward Al-Kharj destroyed. Two drones intercepted in Eastern Province,0,False
2026-03-14,2026-03-14 09:30:00,inferred,15,UAE,Fujairah,Drone Strike,Iran,Iran,Fujairah oil terminal,0,0,Drone attack on Fujairah oil terminal causes fire forcing partial suspension of operations. Smoke seen rising from major UAE energy installation,0,False
2026-03-14,2026-03-14 10:00:00,inferred,15,UAE,UAE energy installation,Airstrike,Iran,Iran,UAE energy installations,0,0,IRGC says it launched 10 missiles and several drones against US forces at Al-Dhafra airbase. Smoke rises over UAE energy installations,0,False
2026-03-14,2026-03-14 12:00:00,inferred,15,Iran,"Shiraz, Fars",Airstrike,USA/Israel,USA/Israel,Shiraz International Airport,0,0,Shiraz International Airport struck on Day 15.,0,False
2026-03-14,2026-03-14 12:00:00,inferred,15,Iran,"Shahin Shahr, Isfahan",Airstrike,USA/Israel,USA/Israel,Iran Aircraft Manufacturing Industries Company — HESA,0,0,Iran Aircraft Manufacturing Industries Company (HESA) in Shahin Shahr struck on Day 15.,0,False
2026-03-14,2026-03-14 12:00:00,inferred,15,Iran,"Shiraz, Fars",Airstrike,USA/Israel,USA/Israel,SAIRAN — Iran Electronics Industries Factory,0,0,SAIRAN (Iran Electronics Industries) Factory in Shiraz struck on Day 15.,0,False
2026-03-14,2026-03-14 12:00:00,inferred,15,Iran,Qom,Airstrike,USA/Israel,USA/Israel,Jamkaran Grand Mosque,0,0,Jamkaran Grand Mosque in Qom struck on Day 15. Protected religious site under international humanitarian law.,0,False
2026-03-14,2026-03-14 12:00:00,inferred,15,Iran,"Javadieh neighborhood, Tehran",Airstrike,USA/Israel,USA/Israel,At least 12 residential units Javadieh neighborhood,0,0,Damage to at least 12 residential units in the Javadieh neighborhood of Tehran on Day 15. Protected civilian structures.,0,False
2026-03-14,2026-03-14 12:00:00,inferred,15,Iran,Tehran,Airstrike,USA/Israel,USA/Israel,Administrative section and dormitory of the Shooting Sports Federation,0,0,Administrative section and dormitory of the Shooting Sports Federation in Tehran struck on Day 15.,0,False
2026-03-14,2026-03-14 12:00:00,inferred,15,Iran,"Bandar Abbas, Hormozgan",Airstrike,USA/Israel,USA/Israel,Facilities affiliated with the First Naval District of the Iranian Navy,0,0,Facilities affiliated with the First Naval District of the Islamic Republic of Iran Navy in Bandar Abbas struck on Day 15.,0,False
2026-03-14,2026-03-14 12:00:00,inferred,15,Iran,Tehran,Airstrike,USA/Israel,USA/Israel,Iran Space Research Center Building,0,0,Iran Space Research Center Building in Tehran struck on Day 15.,0,False
2026-03-14,2026-03-14 12:00:00,inferred,15,Iran,Yazd,Airstrike,USA/Israel,USA/Israel,Residential house Yazd,0,0,Residential house in Yazd struck on Day 15. Protected civilian structure.,0,False
2026-03-15,2026-03-15 06:00:00,inferred,16,Iran,Isfahan,Airstrike,USA/Israel,USA,Isfahan early strikes — 15 killed,15,0,Early heavy US-Israel airstrikes on Isfahan kills 15 people. IRGC claims its 50th wave of operations against American bases in UAE Bahrain and Kuwait,15,True
2026-03-15,2026-03-15 06:00:00,inferred,16,Iran,Bandar-e Anzali / Caspian Sea,Airstrike,Israel,Israel,Iranian naval vessels Caspian Sea Bandar Anzali,0,0,Israeli strikes target Iranian naval vessels in Caspian Sea at Bandar-e Anzali. Explosions heard in port city. Strikes threaten Russia-Iran Shahed drone resupply corridor. South Pars gas field also hit in this phase — Asaluyeh refineries struck cutting off key energy production. IDF describes Caspian strikes as strategically significant to cut off northern weapons logistics route.,0,False
2026-03-15,2026-03-15 06:30:00,inferred,16,Iran,Tehran,Airstrike,USA/Israel,USA,Tehran — heavy explosions south and center,0,0,Heavy explosions in southern Tehran. IDF begins wave of strikes targeting infrastructure in Tehran. Thick black plumes of smoke rise over capital. Night of 14-15 March strikes continue,0,False
2026-03-15,2026-03-15 07:00:00,inferred,16,Iran,Shiraz / Fars province,Airstrike,USA/Israel,USA,Shiraz — 20 explosions,0,0,20 explosions heard near Shiraz. Heavy strikes reported in Shiraz and Fars province area,0,False
2026-03-15,2026-03-15 07:30:00,inferred,16,Iran,Iran (multiple cities),Airstrike,USA/Israel,USA,Dezful Khomein Hamadan Jask,0,0,Dezful Air Base struck. Explosions in Khomein and Hamadan. Video shows extensive damage at Jask port in Hormozgan Province. Residents report increased security forces nationwide,0,False
2026-03-15,2026-03-15 08:00:00,inferred,16,Iran,Tehran,Airstrike,Israel,Israel,IDF destroys Supreme Leader aircraft at Mehrabad,0,0,IDF destroys aircraft used by senior Iranian officials including former Supreme Leader Khamenei at Mehrabad International Airport. IDF also destroys space research facility in Tehran used to develop attack satellites. IDF reports carrying out 7600+ total strikes on Iran — 85% air defenses and 70% missile launchers neutralized,0,False
2026-03-15,2026-03-15 08:30:00,inferred,16,Israel,Israel,Missile Strike,Iran,Iran,Israel — 10 Iranian attack waves,0,0,Ten Iranian attack waves identified on 15 March. 5 toward Tel Aviv area 5 toward southern Israel. 245 total Iranian attack waves against Israel since war began. Iran claims firing 700 missiles and 3600 drones since war started,0,False
2026-03-15,2026-03-15 09:00:00,inferred,16,Lebanon,Lebanon (south),Ground Operation,Israel IDF,Israel,Southern Lebanon expanded operation,7,0,IDF expands ground operations in southern Lebanon. Seven people killed in Israeli airstrikes in southern Lebanon including children. IDF preparing to deploy more forces and expand buffer zone. Israel planning to strike thousands more targets over next three weeks,7,True
2026-03-15,2026-03-15 09:30:00,inferred,16,Lebanon,Beirut,Airstrike,Israel,Israel,Beirut Ramada hotel — Quds Force commanders,5,0,Israel strikes Ramada hotel in central Beirut killing four key Iranian IRGC Quds Force commanders planning terror attacks on Israel. IDF confirms killing five senior commanders from Quds Force Lebanon Corps,5,True
2026-03-15,2026-03-15 10:00:00,inferred,16,Lebanon,Lebanon (southern border),Airstrike,Israel,Israel,Continued Lebanon ground and air campaign,0,0,IDF carries out wave of strikes across Lebanon ordering evacuations of southern neighborhoods. Hezbollah fires 34 attack waves on March 15 — 27 using rockets/missiles 7 using UAVs. One million Lebanese displaced since March 2,0,False
2026-03-15,2026-03-15 12:00:00,inferred,16,Iran,"Aran and Bidgol, Isfahan",Airstrike,USA/Israel,USA/Israel,Kobraei Missile Base,0,0,Kobraei Missile Base in Aran and Bidgol struck on Day 16.,0,False
2026-03-15,2026-03-15 12:00:00,inferred,16,Iran,"Ahvaz, Khuzestan",Airstrike,USA/Israel,USA/Israel,Al-Hadid Garrison,0,0,Al-Hadid Garrison in Ahvaz struck on Day 16.,0,False
2026-03-15,2026-03-15 12:00:00,inferred,16,Iran,Hamadan,Airstrike,USA/Israel,USA/Israel,Justice Department — Courthouse,0,0,Justice Department / Courthouse in Hamadan struck on Day 16.,0,False
2026-03-15,2026-03-15 12:00:00,inferred,16,Iran,"Joulan, Hamadan",Airstrike,USA/Israel,USA/Israel,Two schools Joulan,0,0,Two schools in Joulan struck on Day 16. Educational facilities — protected under international humanitarian law.,0,False
2026-03-15,2026-03-15 12:00:00,inferred,16,Iran,"Arak, Markazi",Airstrike,USA/Israel,USA/Israel,Sports Hall Arak,0,0,Sports Hall in Arak struck on Day 16.,0,False
2026-03-15,2026-03-15 12:00:00,inferred,16,Iran,"Nobriz, Isfahan",Airstrike,USA/Israel,USA/Israel,Municipality Warehouse District 6,0,0,Municipality Warehouse in District 6 of Nobriz struck on Day 16.,0,False
2026-03-15,2026-03-15 12:00:00,inferred,16,Iran,Tehran,Airstrike,USA/Israel,USA/Israel,Medical Center Seyed Khandan suburb,0,0,Medical Center in the Seyed Khandan suburb of Tehran struck on Day 16. Protected medical facility.,0,False
2026-03-15,2026-03-15 12:00:00,inferred,16,Iran,"Dezful, Khuzestan",Airstrike,USA/Israel,USA/Israel,Fourth Tactical Air Base Dezful,0,0,Fourth Tactical Air Base in Dezful struck on Day 16.,0,False
2026-03-15,2026-03-15 12:00:00,inferred,16,Iran,"Bandar Abbas, Hormozgan",Airstrike,USA/Israel,USA/Israel,Air Base Bandar Abbas,0,0,Air Base in Bandar Abbas struck on Day 16.,0,False
2026-03-15,2026-03-15 12:00:00,inferred,16,UAE,Dubai International Airport,Drone Strike,Iran,Iran,Dubai International Airport — oil tanker explosion and large fire,0,0,Drone attack on Dubai International Airport causes oil tanker explosion resulting in large fire. Flights suspended. Smoke plume visible across Dubai. Confirmed as separate and distinct event from earlier Day 1 and Day 7 airport incidents.,0,False
2026-03-16,2026-03-16 06:00:00,inferred,17,Iran,Tehran,Airstrike,USA/Israel,USA,Tehran continued strikes — before dawn,0,0,IDF carries out wide wave of strikes in Tehran targeting infrastructure linked to Iranian regime. IDF strikes sites where regime is concealing nuclear program components. 100+ targets connected to production systems struck recently. 7600+ total IDF strikes on Iran since war began,0,False
2026-03-16,2026-03-16 06:30:00,inferred,17,Iran,Iran (multiple cities),Airstrike,USA/Israel,USA,Tabriz Isfahan air force base,0,0,Strikes continue in Tehran Tabriz and Shiraz. Iranian army air force base attacked in Isfahan. US continues strikes on Kharg Island targeting Iranian drone factories per Trump,0,False
2026-03-16,2026-03-16 07:00:00,inferred,17,Iran,Iran (multiple cities),Airstrike,USA/Israel,USA,Five killed in central Iran,5,7,Five people killed seven injured in airstrikes in central Iran. Explosions and deployment of security forces reported across Iran,12,True
2026-03-16,2026-03-16 07:30:00,inferred,17,Iran,Tehran,Airstrike,USA/Israel,USA,IDF destroys satellite development facility,0,0,IDF destroys space research facility in Tehran used to develop attack satellites. Iran total casualties exceed 7000+ military and 1400+ civilian. Israel has carried out 7600+ strikes and nearly 5000 aerial sorties over Iran,0,False
2026-03-16,2026-03-16 08:00:00,inferred,17,Iraq,Baghdad,Drone Strike,Iran-backed militia,Iran,PMF HQ Jurf al-Sakhar and US Embassy,3,0,Air raid hits PMF HQ in Jurf al-Sakhar area injuring 3. Iraqi air defenses respond to drones near US Embassy Baghdad and Balad airbase,3,True
2026-03-16,2026-03-16 09:00:00,inferred,17,Israel,Israel,Missile Strike,Iran,Iran,Multiple Israeli cities — 4 salvos,0,0,Iran fires 4 missile salvos at Israel. Air raid sirens in central Israel early morning. Missiles from Iran land in open area near central Israel. Sirens also in southern Israel. Fragments fall near Knesset and Church of Holy Sepulchre,0,False
2026-03-16,2026-03-16 09:30:00,inferred,17,Israel,Northern Israel,Missile Strike,Hezbollah,Hezbollah,Nahariya building hit,0,6,Hezbollah rocket hits building in Nahariya injuring 6 people. IDF confirms impact was rocket from Lebanon not failed interceptor. Hezbollah fires sporadic rockets and drones on northern Israel,6,True
2026-03-16,2026-03-16 10:00:00,inferred,17,Lebanon,Lebanon (south),Ground Operation,Israel IDF,Israel,Expanded southern Lebanon ground operation,0,0,Israel launches limited ground operations against Hezbollah. IDF expanding buffer zone. Death toll in Lebanon rises to 850 including 100+ children. Over 1 million Lebanese displaced,0,False
2026-03-16,2026-03-16 10:30:00,inferred,17,Lebanon,Beirut,Airstrike,Israel,Israel,Beirut before dawn continued strikes,0,0,Israel launches new waves of raids on southern Lebanon and Beirut. IDF confirms striking Radwan Force HQ and launch sites,0,False
2026-03-16,2026-03-16 11:00:00,inferred,17,Saudi Arabia,Riyadh,Interception,Saudi Arabia,Saudi Arabia,37 drones intercepted,0,0,Saudi Arabia intercepts 37 drones in eastern region on Monday. Crown Prince MBS and UAE President discuss regional developments and GCC collective defense,0,False
2026-03-16,2026-03-16 11:30:00,inferred,17,UAE,Dubai,Drone Strike,Iran,Iran,Dubai International Airport fuel tank,0,0,Drone attack sets fuel tank at Dubai International Airport on fire in early morning. Flights suspended then some resumed over course of morning. Smoke plume visible from major UAE energy installation,0,False
2026-03-16,2026-03-16 12:00:00,inferred,17,UAE,Fujairah,Drone Strike,Iran,Iran,Port of Fujairah — fire,0,0,Drone attack causes fire at Port of Fujairah. Ongoing Iranian attacks on UAE port infrastructure,0,False
2026-03-16,2026-03-16 12:30:00,inferred,17,UAE,Abu Dhabi,Missile Strike,Iran,Iran,Abu Dhabi — Palestinian killed,1,0,Iranian missile hits car near Abu Dhabi killing a Palestinian resident,1,True
2026-03-16,2026-03-16 12:00:00,inferred,17,Iran,"Chabahar, Sistan and Baluchestan",Airstrike,USA/Israel,USA/Israel,Military facilities Kuh-e Laki area,0,0,Military facilities in the Kuh-e Laki area of Chabahar struck on Day 17.,0,False
2026-03-16,2026-03-16 12:00:00,inferred,17,Iran,Tehran,Airstrike,USA/Israel,USA/Israel,Air Force Base District 13,0,0,Air Force Base in District 13 of Tehran struck on Day 17.,0,False
2026-03-16,2026-03-16 12:00:00,inferred,17,Iran,Tehran,Airstrike,USA/Israel,USA/Israel,Peykanshahr Basij Base,0,0,Peykanshahr Basij Base in Tehran struck on Day 17.,0,False
2026-03-16,2026-03-16 12:00:00,inferred,17,Iran,"Shiraz, Fars",Airstrike,USA/Israel,USA/Israel,Tharallah IRGC Headquarters,0,0,Tharallah IRGC Headquarters in Shiraz struck on Day 17.,0,False
2026-03-16,2026-03-16 12:00:00,inferred,17,Iran,Tehran,Airstrike,USA/Israel,USA/Israel,Mehrabad Airport,0,0,Mehrabad Airport in Tehran struck on Day 17.,0,False
2026-03-16,2026-03-16 12:00:00,inferred,17,Iran,"Nikshahr, Sistan and Baluchestan",Airstrike,USA/Israel,USA/Israel,Desalination facility,0,0,Desalination facility in Nikshahr struck on Day 17. Critical civilian water infrastructure.,0,False
2026-03-16,2026-03-16 12:00:00,inferred,17,Iran,"Khomein, Markazi",Airstrike,USA/Israel,USA/Israel,Shahed Imam Reza School,0,0,Shahed Imam Reza School in Khomein struck on Day 17. Educational facility — protected under international humanitarian law.,0,False
2026-03-16,2026-03-16 12:00:00,inferred,17,Iran,Tehran,Airstrike,USA/Israel,USA/Israel,Eight-story residential building on Zarafshan Street,0,0,Eight-story residential building on Zarafshan Street in Tehran struck on Day 17. Protected civilian structure.,0,False
2026-03-16,2026-03-16 12:00:00,inferred,17,Iran,Tehran,Airstrike,USA/Israel,USA/Israel,Ten residential buildings destroyed following airstrike,0,0,Ten residential buildings in Tehran destroyed following airstrike on Day 17.,0,False
2026-03-16,2026-03-16 12:00:00,inferred,17,Iran,Tehran,Airstrike,USA/Israel,USA/Israel,Electricity Department building,0,0,Electricity Department building in Tehran struck on Day 17. Critical civilian infrastructure.,0,False
2026-03-17,2026-03-17 06:00:00,known,18,Iran,"Tehran, Iran",Assassination,USA/Israel,USA/Israel,"Ali Larijani, Soleimani",2,0,Ali Larijani (interim leadership council head) and Soleimani killed in Israeli airstrike confirmed by Iranian state media. Leaves Iran without functioning central leadership. Third major leadership decapitation event of war.,2,True
2026-03-17,2026-03-17 06:00:00,known,18,Lebanon,"Beirut, Lebanon",Airstrike,Israel,Israel,Dahiyeh Hezbollah stronghold,0,0,IDF breaches Dahiyeh southern Beirut suburb triggering brutal urban combat. IDF forces advance into Hezbollah historic stronghold for first time. Heaviest urban fighting since 2006 Lebanon war.,0,False
2026-03-17,2026-03-17 06:00:00,known,18,Lebanon,Southern Lebanon,Ground Operation,Israel IDF,Israel,Beirut encirclement,0,0,IDF completes encirclement of Beirut. Lebanese Armed Forces announce they will not resist IDF advance into Dahiyeh. IDF seizes southern approaches to Beirut. Effective siege of Lebanese capital begins.,0,False
2026-03-17,2026-03-17 06:00:00,known,18,Iraq,"Baghdad, Iraq",Airstrike,Iran-backed militia,Iran-backed militia,US Embassy Baghdad,0,0,US Embassy compound in Baghdad struck by explosion. Smoke visible from embassy grounds. Iraqi PM condemns attack and distances government from Iran-aligned militias. Direct attack on sovereign US diplomatic facility.,0,False
2026-03-17,2026-03-17 06:00:00,known,18,Iran,"Tehran, Iran",Airstrike,USA/Israel,USA/Israel,IRGC C2 bunkers Karaj,0,0,IDF strikes final remaining IRGC C2 bunkers in Karaj and western Tehran suburbs. IRGC command structure described as effectively decapitated by CENTCOM. Residual IRGC units operating independently without central command.,0,False
2026-03-17,2026-03-17 06:00:00,known,18,Iran,"Kharg Island, Iran",Airstrike,USA,USA,Kharg Island oil infrastructure,0,0,US continues strikes on Kharg Island oil infrastructure. Iranian oil exports now at zero. IRGC announces suspension of Strait of Hormuz closure citing inability to enforce after Bandar Abbas naval losses.,0,False
2026-03-17,2026-03-17 06:00:00,known,18,Saudi Arabia,"Riyadh, Saudi Arabia",Interception,Saudi Arabia,Saudi Arabia,Final organized Iranian salvo,0,0,Saudi Arabia intercepts final organized Iranian missile salvo at Riyadh. IRGC aerospace announces suspension of strikes on Gulf states pending ceasefire discussions. Marks effective end of Iran organized Gulf offensive.,0,False
2026-03-17,2026-03-17 06:00:00,known,18,Iran,"Tehran, Iran",Assassination,Israel,Israel,Iranian Intelligence Minister Esmail Khatib,1,0,Israel assassinates Iranian Intelligence Minister Esmail Khatib in airstrike. Confirmed by Al Jazeera and multiple sources. New Supreme Leader Mojtaba Khamenei declares Israel will pay for killing of three senior Iranian security officials in two days: Khatib (intelligence minister) Larijani (security chief) and Gholamreza Soleimani (head of Basij paramilitary force). Systematic elimination of Iran intelligence and security leadership in final days of intensive phase.,1,True
2026-03-17,2026-03-17 12:00:00,inferred,18,Iran,"Marivan, Kurdistan",Airstrike,USA/Israel,USA/Israel,Shahid Ebadat Garrison,0,0,Shahid Ebadat Garrison in Marivan struck on Day 18.,0,False
2026-03-17,2026-03-17 12:00:00,inferred,18,Iran,Tehran,Airstrike,USA/Israel,USA/Israel,Basij Command Headquarters,0,0,Basij Command Headquarters in Tehran struck on Day 18.,0,False
2026-03-17,2026-03-17 12:00:00,inferred,18,Iran,"Saadat Abad, Tehran",Airstrike,USA/Israel,USA/Israel,IRGC Garrison Saadat Abad,0,0,IRGC Garrison in Saadat Abad district of Tehran struck on Day 18.,0,False
2026-03-17,2026-03-17 12:00:00,inferred,18,Iran,"Khomeinishahr, Isfahan",Airstrike,USA/Israel,USA/Israel,Missile Site Khomeinishahr,0,0,Missile site in Khomeinishahr struck on Day 18.,0,False
2026-03-17,2026-03-17 12:00:00,inferred,18,Iran,"Dashti Village, Isfahan",Airstrike,USA/Israel,USA/Israel,Imam Reza Basij Base Dashti Village,0,0,"Imam Reza Basij Base in Dashti Village, Isfahan Province struck on Day 18.",0,False
2026-03-17,2026-03-17 12:00:00,inferred,18,Iran,Tehran,Airstrike,USA/Israel,USA/Israel,Panahi Sports Complex,0,0,Panahi Sports Complex in Tehran struck on Day 18.,0,False
2026-03-17,2026-03-17 12:00:00,inferred,18,Iran,Tehran,Airstrike,USA/Israel,USA/Israel,Historic buildings of the Saadabad Complex,0,0,Historic buildings of the Saadabad Complex in Tehran damaged on Day 18. Protected heritage site.,0,False
2026-03-17,2026-03-17 12:00:00,inferred,18,Iran,Tehran,Airstrike,USA/Israel,USA/Israel,Two wrestling halls,0,0,Two wrestling halls in Tehran struck on Day 18.,0,False
2026-03-17,2026-03-17 12:00:00,inferred,18,Iran,Bushehr,Airstrike,USA/Israel,USA/Israel,Bushehr Nuclear Power Plant site,0,0,Bushehr Nuclear Power Plant site struck on Day 18. Confirmed in HRANA Day 18 report.,0,False
2026-03-17,2026-03-17 12:00:00,inferred,18,Iran,Tehran,Airstrike,USA/Israel,USA/Israel,Shahid Kazemi Sports Complex,0,0,Shahid Kazemi Sports Complex in Tehran struck on Day 18.,0,False
2026-03-18,2026-03-18 06:00:00,known,19,Lebanon,"Beirut, Lebanon",Ground Operation,Israel IDF,Israel,Hezbollah Central Command,0,0,IDF captures Hezbollah Central Command bunker in Dahiyeh following two days of urban combat. Discovery of extensive tunnel network and command infrastructure. Hezbollah secretary-general confirmed dead in bunker strike.,0,False
2026-03-18,2026-03-18 06:00:00,known,19,Iran,"Tehran, Iran",Ground Operation,Iran (Artesh),Iran,IRGC hardliner units,14,0,Armed clashes erupt between IRGC hardliners and conventional Iranian Artesh units in Tehran outskirts. IRGC 41st Tharallah Corps refuses to stand down. Artesh units deployed to restore order. First signs of institutional collapse. 14 killed in intra-Iranian military clashes.,14,True
2026-03-18,2026-03-18 06:00:00,known,19,Iran,"Tehran, Iran",Airstrike,USA/Israel,USA/Israel,IRGC mobile launcher sites,0,0,Coalition launches final wave of strikes targeting residual IRGC Aerospace Force mobile launcher sites. IRGC missile inventory assessed at below 5% of pre-war levels. Strikes focus on preventing final retaliatory salvo.,0,False
2026-03-18,2026-03-18 06:00:00,known,19,Lebanon,Southern Lebanon,Ground Operation,Israel IDF,Israel,Hezbollah military infrastructure,0,0,IDF announces destruction of 90% of Hezbollah military infrastructure. Sporadic fighting continues in Tyre and Sidon areas. IDF orders Hezbollah fighters to surrender or face immediate lethal action.,0,False
2026-03-18,2026-03-18 06:00:00,known,19,Qatar,"Ras Laffan, Qatar",Drone Strike,Iran (rogue IRGC),Iran,Qatar LNG facility,0,0,Rogue IRGC unit launches final drone strike at Qatar Ras Laffan LNG facility — attack repelled by Qatari defenses. IRGC-Artesh fracture now openly visible to international community. Coalition condemns strike and demands Artesh disarm IRGC immediately.,0,False
2026-03-18,2026-03-18 06:00:00,known,19,Iran,"South Pars gas field, Bushehr Province",Airstrike,Israel,Israel,South Pars gas field / Asaluyeh oil refinery,0,0,Israel strikes South Pars — the worlds largest natural gas field — and Asaluyeh oil refinery in Bushehr Province. Damages two ExxonMobil LNG producing trains and Pearl Gas-to-Liquids Shell facility. Represents 12% of Iran total gas production and 70-80% of domestic energy supply. Israel says acted alone contradicted by US sources confirming coordination. Iran President Pezeshkian warns of uncontrollable world-engulfing consequences. Brent crude surges to $115 per barrel. Qatar condemns strike on South Pars as its North Dome shares same field.,0,False
2026-03-18,2026-03-18 06:00:00,known,19,Iran,"Caspian Sea, Iran",Airstrike,Israel,Israel,Iranian Navy Caspian Sea ships shipyard command center,0,0,IDF announces strikes on Iranian Navy infrastructure in Caspian Sea — described by IDF as one of most significant strikes since war began hitting dozens of targets including ships shipyard and command center. First ever strikes in northern Iran at Caspian. Iranian naval vessels equipped with anti-submarine missiles targeted. Cuts Russia-Iran Shahed drone resupply corridor. IDF military spokesman Lt Col Nadav Shoshani confirms: We have for the first time carried out strikes in northern Iran in the Caspian Sea.,0,False
2026-03-18,2026-03-18 12:00:00,inferred,19,Iran,"Karaj, Alborz",Airstrike,USA/Israel,USA/Israel,Fath Army Aviation Base,0,0,Fath Army Aviation Base in Karaj struck on Day 19.,0,False
2026-03-18,2026-03-18 12:00:00,inferred,19,Iran,"Fardis, Alborz",Airstrike,USA/Israel,USA/Israel,Helicopter Manufacturing Facility — Naz Industrial Town,0,0,"Helicopter Manufacturing Facility in Naz Industrial Town, Fardis struck on Day 19.",0,False
2026-03-18,2026-03-18 12:00:00,inferred,19,Iran,"Bandar Abbas, Hormozgan",Airstrike,USA/Israel,USA/Israel,Bahonar Port,0,0,Bahonar Port in Bandar Abbas struck on Day 19.,0,False
2026-03-18,2026-03-18 12:00:00,inferred,19,Iran,Qom,Airstrike,USA/Israel,USA/Israel,Law Enforcement Command Qom,0,0,Law Enforcement Command building in Qom struck on Day 19.,0,False
2026-03-18,2026-03-18 12:00:00,inferred,19,Iran,"Bandar Lengeh, Hormozgan",Airstrike,USA/Israel,USA/Israel,Law Enforcement Police Station Bandar Lengeh,0,0,Law Enforcement Police Station in Bandar Lengeh struck on Day 19.,0,False
2026-03-18,2026-03-18 12:00:00,inferred,19,Iran,"Karaj, Alborz",Airstrike,USA/Israel,USA/Israel,Welfare Organization Office Karaj,0,0,Welfare Organization Office in Karaj struck on Day 19.,0,False
2026-03-18,2026-03-18 12:00:00,inferred,19,Iran,Tehran,Airstrike,USA/Israel,USA/Israel,Medical Center Tehran,0,0,A medical center in Tehran struck on Day 19.,0,False
2026-03-18,2026-03-18 12:00:00,inferred,19,Iran,"Karaj, Alborz",Airstrike,USA/Israel,USA/Israel,Residential Area Karaj,0,0,Residential area in Karaj struck on Day 19. Protected civilian structure.,0,False
2026-03-18,2026-03-18 12:00:00,inferred,19,Iran,"Karaj, Alborz",Airstrike,USA/Israel,USA/Israel,Rehabilitation Center for Persons with Disabilities,0,0,Rehabilitation Center for Persons with Disabilities in Karaj struck on Day 19. Protected facility under international humanitarian law.,0,False
2026-03-18,2026-03-18 12:00:00,inferred,19,Lebanon,Southern Lebanon,Airstrike,Israel,Israel,RT broadcaster crew vehicle — Russian state television journalists,0,2,IDF strikes vehicle of RT Russian state broadcaster crew in southern Lebanon. Reporter and cameraman wounded. Russia accuses Israel of deliberately targeting journalists whose clothing clearly read press. IDF states crew was operating in area for which evacuation warning had been issued.,2,True
2026-03-19,2026-03-19 06:00:00,known,20,Iran,"Bandar Abbas, Iran",Ground Operation,Iran (Artesh),Iran,Rogue IRGC units southern Iran,14,0,Conventional Iranian Artesh forces begin disarming rogue IRGC units across southern provinces. Heavy fighting at Bandar Abbas between Artesh and IRGC loyalists. 14 killed in intra-Iranian military clashes. Artesh gradually consolidating authority.,14,True
2026-03-19,2026-03-19 06:00:00,known,20,Lebanon,Southern Lebanon,Ground Operation,Israel IDF,Israel,Lebanon consolidation,0,0,IDF consolidates control of southern Lebanon up to Litani River. Hezbollah military wing functionally destroyed — 94% of pre-war assets assessed as eliminated. Lebanese Armed Forces resume patrols in former Hezbollah-held areas.,0,False
2026-03-19,2026-03-19 06:00:00,known,20,Israel,"Arad, Israel",Missile Strike,Iran (rogue IRGC),Iran,Arad city,0,64,Rogue IRGC unit fires ballistic missile at Arad in southern Israel. Missile breaches Iron Dome. 64 people injured including 7 seriously. IAF investigates interception failure. Strike near Dimona raises nuclear facility concern. Both strikes attributed to rogue IRGC unit acting without Artesh authorization.,64,True
2026-03-19,2026-03-19 06:00:00,known,20,Israel,"Dimona, Israel",Missile Strike,Iran (rogue IRGC),Iran,Dimona city,0,40,Ballistic missile strikes Dimona city injuring dozens. IDF investigates proximity to Negev Nuclear Research Center. No radiological release confirmed. Home Front Command and IAF both launch investigations into interception failure.,40,True
2026-03-19,2026-03-19 06:00:00,known,20,Saudi Arabia,"Riyadh, Saudi Arabia",Missile Strike,Iran,Iran,Riyadh oil refineries / Yanbu port,0,0,Iran strikes two oil refineries in Riyadh in retaliation for South Pars attack. Saudi Arabia says it reserved the right to take military actions. Saudi FM says Iranian attacks were premeditated preplanned and well-organized. Yanbu port Saudi backup oil export hub targeted by Iranian missile — intercepted. 37 drones intercepted in eastern Saudi Arabia. Saudi Arabia warns if Qatari energy facilities attacked again would constitute act of war.,0,False
2026-03-19,2026-03-19 06:00:00,known,20,Israel,"Haifa, Israel",Missile Strike,Iran,Iran,Haifa oil refinery,0,0,Iranian missile strikes oil refinery complex at Haifa northern Israel. Israeli Energy Minister Cohen says damage minor — no significant structural damage but power disrupted 45 minutes in northern Israel grid. Images show black smoke from refinery. Marks Iranian direct retaliation against Israeli energy infrastructure mirroring South Pars strike. Iran also fires six waves of missiles at Israel overnight including new cluster bomb attacks.,0,False
2026-03-19,2026-03-19 06:00:00,known,20,Palestine,West Bank / Hebron / Sharon,Missile Strike,Iran,Iran,West Bank cluster munitions,4,3,Iranian cluster munitions kill four people in West Bank and Israel. Three women killed in hair salon near Hebron by rocket fragments per Palestinian Ministry of Health. Thai agricultural worker killed at Adanim farming community in Sharon. Cluster bomb hits Arab town of Jaljulia and Palestinian town Bayt Awwa. IDF confirms Iranian cluster munitions caused casualties. Elderly man lightly injured in Tel Aviv apartment building by bomblets. West Bank cluster strikes draw international condemnation.,4,True
2026-03-19,2026-03-19 06:00:00,known,20,Kuwait,"Mina al-Ahmadi, Kuwait",Drone Strike,Iran,Iran,Mina al-Ahmadi oil refinery,0,0,Two waves of Iranian drones hit Kuwaitis Mina al-Ahmadi refinery — one of Middle Easts largest processing 730000 barrels per day. Fire breaks out at facility. UAE air defenses intercept 7 Iranian missiles and 15 drones. US announces $16 billion arms sales to UAE and Kuwait. Iran steps up systematic energy infrastructure campaign across all Gulf states following South Pars. Kuwaiti military reports 67 personnel injured cumulatively since start of war.,0,False
2026-03-19,2026-03-19 06:00:00,known,20,Iran,Red Sea / Gulf of Aden,Naval Attack,Iran,Iran,Red Sea second chokepoint threat,0,0,Iran threatens Red Sea as second maritime chokepoint. IRGC states USS Gerald R Ford carrier group facilities in Red Sea are legitimate targets. Threatens to extend shipping disruption beyond Hormuz. Brent crude at $115 per barrel. IEA issues emergency measures: work from home reduce highway speeds limit air travel to ease global fuel crisis. Oil up 45% since war began. White House rules out US crude export ban to ease price spike.,0,False
2026-03-19,2026-03-19 06:00:00,known,20,Iran,"Tehran, Iran",Assassination,Israel,Israel,IRGC spokesperson Ali Mohammad Naini,1,0,Israel kills Ali Mohammad Naini top spokesperson for Iranian paramilitary Revolutionary Guard in airstrike Friday morning. Naini was primary public voice for IRGC throughout the war coordinating missile strike messaging. IDF confirms killing. Part of systematic Israeli campaign to eliminate Iranian military communications and leadership infrastructure throughout conflict.,1,True
2026-03-19,2026-03-19 12:00:00,inferred,20,Iran,"Absard, Tehran Province",Airstrike,USA/Israel,USA/Israel,Haidar Karrar Base,0,0,Haidar Karrar Base in Absard struck on Day 20.,0,False
2026-03-19,2026-03-19 12:00:00,inferred,20,Iran,"Tabriz, East Azerbaijan",Airstrike,USA/Israel,USA/Israel,Basij Qaramaq Base,0,0,Basij Qaramaq Base in Tabriz struck on Day 20.,0,False
2026-03-19,2026-03-19 12:00:00,inferred,20,Iran,"Khorramshahr, Khuzestan",Airstrike,USA/Israel,USA/Israel,Sarastan Launcher,0,0,Sarastan missile launcher site in Khorramshahr struck on Day 20.,0,False
2026-03-19,2026-03-19 12:00:00,inferred,20,Iran,"Borazjan, Bushehr",Airstrike,USA/Israel,USA/Israel,Missile Site Borazjan,0,0,Missile site in Borazjan struck on Day 20.,0,False
2026-03-19,2026-03-19 12:00:00,inferred,20,Iran,"Shiraz, Fars",Airstrike,USA/Israel,USA/Israel,Electronics Industries Shiraz,0,0,Electronics Industries facility in Shiraz struck on Day 20.,0,False
2026-03-19,2026-03-19 12:00:00,inferred,20,Iran,"Shahr-e Rey, Tehran Province",Airstrike,USA/Israel,USA/Israel,Refinery Shahr-e Rey,0,0,Refinery in Shahr-e Rey struck on Day 20.,0,False
2026-03-19,2026-03-19 12:00:00,inferred,20,Iran,"Bandar Anzali, Gilan",Airstrike,USA/Israel,USA/Israel,Customs Administration Bandar Anzali,0,0,Customs Administration building in Bandar Anzali struck on Day 20.,0,False
2026-03-19,2026-03-19 12:00:00,inferred,20,Iran,"Bandar Anzali, Gilan",Airstrike,USA/Israel,USA/Israel,Bandarass Coastal Recreational Complex,0,0,Bandarass Coastal Recreational Complex in Bandar Anzali struck on Day 20.,0,False
2026-03-19,2026-03-19 12:00:00,inferred,20,Iran,Tehran,Airstrike,USA/Israel,USA/Israel,Majidiyeh Residential Area,0,0,Majidiyeh Residential Area in Tehran struck on Day 20. Protected civilian area.,0,False
2026-03-20,2026-03-20 06:00:00,known,21,Iran,"Tabriz, Iran",Ground Operation,Iran (Artesh),Iran,IRGC chemical weapons depot,0,0,Artesh secures chemical weapons depot near Tabriz from rogue IRGC Azarbaijan Corps. OPCW notified. Depot contained approximately 40 tonnes of mustard agent precursors. Critical non-proliferation success preventing chemical weapons falling to non-state actors.,0,False
2026-03-20,2026-03-20 06:00:00,known,21,Lebanon,Southern Lebanon,Ground Operation,Israel IDF,Israel,Lebanon buffer zone,0,0,IDF announces completion of major operations in Lebanon. Litani Security Line fortification begins. Israeli PM states all Hezbollah military infrastructure has been eliminated. IDF will maintain 72-hour response posture along northern border.,0,False
2026-03-20,2026-03-20 06:00:00,known,21,Israel,Northern Israel,Interception,Israel IDF,Israel,Residual Hezbollah rockets,0,0,IDF intercepts three rockets fired by residual Hezbollah elements in final act of organized resistance. IDF responds with targeted strikes eliminating rocket teams. Marks last organized Hezbollah offensive action of the war.,0,False
2026-03-20,2026-03-20 06:00:00,known,21,UK,"Diego Garcia, Indian Ocean",Missile Strike,Iran,Iran,Diego Garcia ICBM strike attempt,0,0,Iran targets Diego Garcia joint US-UK military base in Chagos Islands with two-stage intercontinental ballistic missile. Attack unsuccessful per UK confirmation. WSJ first reports citing multiple US officials. IDF Chief of Staff Lt Gen Eyal Zamir: These missiles range extends to European capitals Berlin Paris Rome within direct threat range. Marks most long-range Iranian missile attack in history demonstrating ICBM-class capability and strategic reach well beyond Middle East.,0,False
2026-03-20,2026-03-20 06:00:00,known,21,Israel,"Jerusalem Old City, Israel",Missile Strike,Iran,Iran,Jerusalem Old City Temple Mount Church of Holy Sepulchre,0,0,Debris from Iranian missile falls on Old City of Jerusalem causing damage on Temple Mount near Al-Aqsa Mosque at Church of Holy Sepulchre and inside Jewish Quarter. International condemnation from Muslim Christian and Jewish leaders. Marks unprecedented damage to sites considered among worlds most sacred. UNESCO condemns. Israel PM Netanyahu condemns as deliberate targeting of holy sites.,0,False
2026-03-20,2026-03-20 12:00:00,inferred,21,Iran,Semnan,Airstrike,USA/Israel,USA/Israel,Al Mohammad Corps Headquarters,0,0,Al Mohammad Corps Headquarters in Semnan struck on Day 21.,0,False
2026-03-20,2026-03-20 12:00:00,inferred,21,Iran,"Ahvaz, Khuzestan",Airstrike,USA/Israel,USA/Israel,92nd Armored Division,0,0,92nd Armored Division in Ahvaz struck on Day 21.,0,False
2026-03-20,2026-03-20 12:00:00,inferred,21,Iran,"Bandar Abbas, Hormozgan",Airstrike,USA/Israel,USA/Israel,Army Air Base Bandar Abbas,0,0,Army Air Base in Bandar Abbas struck on Day 21.,0,False
2026-03-20,2026-03-20 12:00:00,inferred,21,Iran,"Urmia, West Azerbaijan",Airstrike,USA/Israel,USA/Israel,Al-Mahdi Corps Garrison,0,0,Al-Mahdi Corps Garrison in Urmia struck on Day 21.,0,False
2026-03-20,2026-03-20 12:00:00,inferred,21,Iran,Semnan,Airstrike,USA/Israel,USA/Israel,Basij Resistance Base Semnan,0,0,Basij Resistance Base in Semnan struck on Day 21.,0,False
2026-03-20,2026-03-20 12:00:00,inferred,21,Iran,"Khorramabad, Lorestan",Airstrike,USA/Israel,USA/Israel,Falak-ol-Aflak Historic Site,0,0,Falak-ol-Aflak Historic Site in Khorramabad struck on Day 21. Protected heritage site.,0,False
2026-03-20,2026-03-20 12:00:00,inferred,21,Iran,"Shahmirzad, Semnan",Airstrike,USA/Israel,USA/Israel,Accommodation complex of the Sepah Kolahdooz Complex,0,0,Accommodation complex of the Sepah Kolahdooz Complex in Shahmirzad struck on Day 21.,0,False
2026-03-20,2026-03-20 12:00:00,inferred,21,Iran,Tehran,Airstrike,USA/Israel,USA/Israel,Administrative building on Palestine Street,0,0,Administrative building on Palestine Street in Tehran struck on Day 21.,0,False
2026-03-20,2026-03-20 12:00:00,inferred,21,Iran,Tehran,Airstrike,USA/Israel,USA/Israel,Three residential and commercial buildings,0,0,Three residential and commercial buildings in Tehran struck on Day 21. Protected civilian structures.,0,False
2026-03-20,2026-03-20 12:00:00,inferred,21,Iran,"Karaj, Alborz",Airstrike,USA/Israel,USA/Israel,Residential building Karaj,0,0,Residential building in Karaj struck on Day 21. Protected civilian structure.,0,False
2026-03-21,2026-03-21 06:00:00,known,22,Iran,"Hormuz Island, Iran",Interception,Iran,Iran,Claimed F-15 shootdown Hormuz Island,0,0,Iran claims to shoot down US F-15 fighter jet over Hormuz Island using SAM unit shortly after Trump issues 48-hour Hormuz ultimatum. Claim unconfirmed by US CENTCOM. Iran specifically warns UAE and Bahrain — the two Arab countries offering to join Hormuz campaign — that they will be the first to lose in this battle. UAE Bahrain UK France Germany issue joint statement condemning Iranian attacks on commercial vessels and calling for halt to mine-laying drone and missile attacks in Gulf.,0,False
2026-03-21,2026-03-21 06:00:00,known,22,Kuwait,"Mina al-Ahmadi, Kuwait",Drone Strike,Iran,Iran,Mina al-Ahmadi refinery second attack,0,0,Second Iranian drone strike wave hits Mina al-Ahmadi refinery Kuwait causing additional fires. Iran continues systematic energy infrastructure campaign. US accelerates deployment of 11th Marine Expeditionary Unit 2200 Marines from San Diego aboard USS Boxer ahead of schedule. 11th MEU expected to deploy with at least two additional ships. Brent crude at $112 per barrel. Trump hints at winding down military operations telling reporters he is considering it.,0,False
2026-03-21,2026-03-21 10:30:00,known,22,Lebanon,Southern Lebanon,Ground Operation,Israel IDF,Israel,Lebanon buffer zone construction,0,0,IDF Northern Command establishes Litani Security Line — heavily fortified buffer zone from Blue Line to Litani River. Concrete blast walls autonomous sensor arrays and hardened FOBs constructed. De facto tactical annexation displacing local civilian population southward.,0,False
2026-03-21,2026-03-21 18:20:00,known,22,Iran,"Bandar Abbas, Iran",Ground Operation,Iran (Artesh),Iran,IRGCN Bandar Abbas complex,14,0,Remaining IRGC Navy elements besieged at Bandar Abbas naval complex formally surrender to Artesh naval forces. Relinquished control of anti-ship cruise missile batteries. IRGCN extinguished as functional combat entity. Strait of Hormuz definitively secured from rogue naval elements. 14 IRGC loyalists killed in final standoff.,14,True
2026-03-21,2026-03-21 23:45:00,known,22,Lebanon,"Northern Border, Israel",Interception,Israel IDF,Israel,Lone insurgent infiltration,1,0,IDF border surveillance detects and intercepts lone insurgent attempting to breach Litani Security Line using rudimentary explosives. Neutralized by automated remote-controlled weapon station before breaching primary perimeter. Signals transition from state-on-state warfare to indefinite low-intensity counter-insurgency.,1,True
2026-03-21,2026-03-21 12:00:00,inferred,22,Iran,Isfahan,Airstrike,USA/Israel,USA/Israel,Seyyed al-Shohada Regional Headquarters of the IRGC,0,0,Seyyed al-Shohada Regional Headquarters of the IRGC in Isfahan struck on Day 22.,0,False
2026-03-21,2026-03-21 12:00:00,inferred,22,Iran,"Bandar Abbas, Hormozgan",Airstrike,USA/Israel,USA/Israel,Facility affiliated with the Navy,0,0,Facility affiliated with the Iranian Navy in Bandar Abbas struck on Day 22.,0,False
2026-03-21,2026-03-21 12:00:00,inferred,22,Iran,Tehran,Airstrike,USA/Israel,USA/Israel,Headquarters of the Air Force of the Islamic Republic of Iran Army,0,0,Headquarters of the Air Force of the Islamic Republic of Iran Army in Tehran struck on Day 22.,0,False
2026-03-21,2026-03-21 12:00:00,inferred,22,Iran,"Dezful, Khuzestan",Airstrike,USA/Israel,USA/Israel,Vahdati 4th Tactical Air Base,0,0,Vahdati 4th Tactical Air Base in Dezful struck on Day 22.,0,False
2026-03-21,2026-03-21 12:00:00,inferred,22,Iran,Yazd,Airstrike,USA/Israel,USA/Israel,Al-Ghadir IRGC Yazd,0,0,Al-Ghadir IRGC base in Yazd struck on Day 22.,0,False
2026-03-21,2026-03-21 12:00:00,inferred,22,Iran,"Natanz, Isfahan",Airstrike,USA/Israel,USA/Israel,Shahid Ahmadi Roshan Enrichment Complex,0,0,Shahid Ahmadi Roshan Enrichment Complex in Natanz struck on Day 22.,0,False
2026-03-21,2026-03-21 12:00:00,inferred,22,Iran,"Andimeshk, Khuzestan",Airstrike,USA/Israel,USA/Israel,Imam Ali Hospital,0,0,Imam Ali Hospital in Andimeshk struck on Day 22. Protected medical facility under international humanitarian law.,0,False
2026-03-21,2026-03-21 12:00:00,inferred,22,Iran,Bushehr,Airstrike,USA/Israel,USA/Israel,Two passenger and fishing piers Bushehr,0,0,Two passenger and fishing piers in Bushehr struck on Day 22.,0,False
2026-03-21,2026-03-21 12:00:00,inferred,22,Iran,"Ahvaz, Khuzestan",Airstrike,USA/Israel,USA/Israel,Ritaj Tourist and Accommodation Complex,0,0,Ritaj Tourist and Accommodation Complex in Ahvaz struck on Day 22.,0,False
2026-03-21,2026-03-21 12:00:00,inferred,22,Iran,Tehran,Airstrike,USA/Israel,USA/Israel,Sports hall Tehran,0,0,A sports hall in Tehran struck on Day 22.,0,False
2026-03-22,2026-03-22 06:00:00,known,23,Israel,Arad / Dimona / Eilat / Beersheba / Kiryat Gat,Missile Strike,Iran (IRGC),Iran,Southern Israel military and civilian sites mass salvo,0,100,IRGC fires mass salvo targeting Arad Dimona Eilat Beersheba and Kiryat Gat claiming IDF military installations and Nevatim Air Base. Ballistic missile breaks through Iron Dome in Arad — 4-year-old girl seriously injured 29 lightly injured. Dimona city hit — dozens injured near Negev Nuclear Research Center. IAEA confirms no nuclear facility damage. Netanyahu says Israel had a very difficult evening in the battle for our future. Iran claims 200+ killed Israel reports no deaths. Iran fires 6 waves overnight.,100,True
2026-03-22,2026-03-22 09:00:00,known,23,Iran,Strait of Hormuz,Naval Attack,Iran (rogue IRGC),Iran,Commercial shipping Strait of Hormuz,0,0,Rogue IRGC naval elements continue blocking commercial traffic through Strait of Hormuz despite Artesh ceasefire. US Navy 5th Fleet reports 23 commercial vessels held at anchorage. Coalition warships positioned for potential forced-passage operation.,0,False
2026-03-22,2026-03-22 10:00:00,known,23,Israel,"Tehran, Iran",Airstrike,Israel,Israel,Eastern Tehran infrastructure response strikes,0,0,Israel launches new strikes on eastern Tehran with explosions across eastern districts in direct response to IRGC mass salvo on Arad and Dimona. IDF begins wave of strikes targeting remaining command nodes not previously heavily targeted. US simultaneously waives Iran oil sanctions for 30 days to ease energy crisis — expected to release 140 billion barrels to global markets. Brent crude Brent $112 per barrel.,0,False
2026-03-22,2026-03-22 10:00:00,known,23,Israel,"Ramat Gan, Israel",Missile Strike,Iran,Iran,Ramat Gan residential building cluster munition,2,0,Iranian missile with cluster warhead hits residential building in Ramat Gan killing two residents in their 70s found just outside their safe room. Another cluster bomb strikes Adanim and Jaljulia areas. Six waves of Iranian missile attacks overnight send millions to shelters. Israeli Energy Minister confirms electricity grid in northern Israel sustained damage — crews work to restore power across multiple areas.,2,True
2026-03-22,2026-03-22 12:00:00,inferred,23,Iran,"Garmdareh, Alborz",Airstrike,USA/Israel,USA/Israel,Garmdareh Garrison,0,0,Garmdareh Garrison struck on Day 23.,0,False
2026-03-22,2026-03-22 12:00:00,inferred,23,Iran,Bushehr,Airstrike,USA/Israel,USA/Israel,Airbase Bushehr,0,0,Airbase in Bushehr struck on Day 23.,0,False
2026-03-22,2026-03-22 12:00:00,inferred,23,Iran,Bushehr,Airstrike,USA/Israel,USA/Israel,Naval Base of the Army Bushehr,0,0,Naval Base of the Army in Bushehr struck on Day 23.,0,False
2026-03-22,2026-03-22 12:00:00,inferred,23,Iran,"Bandar Abbas, Hormozgan",Airstrike,USA/Israel,USA/Israel,Airbase Bandar Abbas,0,0,Airbase in Bandar Abbas struck on Day 23.,0,False
2026-03-22,2026-03-22 12:00:00,inferred,23,Iran,Isfahan,Airstrike,USA/Israel,USA/Israel,Army Aviation Base Isfahan,0,0,Army Aviation Base in Isfahan struck on Day 23.,0,False
2026-03-22,2026-03-22 12:00:00,inferred,23,Iran,"Tabriz, East Azerbaijan",Airstrike,USA/Israel,USA/Israel,Residential building Tabriz,0,0,Residential building in Tabriz struck on Day 23. Protected civilian structure.,0,False
2026-03-22,2026-03-22 12:00:00,inferred,23,Iran,"Mohammadshahr, Alborz",Airstrike,USA/Israel,USA/Israel,Six residential units Mohammadshahr,0,0,Six residential units in Mohammadshahr struck on Day 23. Protected civilian structures.,0,False
2026-03-22,2026-03-22 12:00:00,inferred,23,Iran,"Masjed Soleyman, Khuzestan",Airstrike,USA/Israel,USA/Israel,Shohada-ye Kargar Sports Complex,0,0,Shohada-ye Kargar Sports Complex in Masjed Soleyman struck on Day 23.,0,False
2026-03-22,2026-03-22 12:00:00,inferred,23,Iran,"Bandar Abbas, Hormozgan",Airstrike,USA/Israel,USA/Israel,Combined-cycle power plant Bandar Abbas,0,0,Combined-cycle power plant in Bandar Abbas struck on Day 23. Critical energy infrastructure.,0,False
2026-03-22,2026-03-22 12:00:00,inferred,23,Iran,"Bandar Abbas, Hormozgan",Airstrike,USA/Israel,USA/Israel,Geno Power Plant,0,0,Geno Power Plant in Bandar Abbas struck on Day 23. Critical energy infrastructure.,0,False
2026-03-22,2026-03-22 12:00:00,inferred,23,UAE,"Habshan, Abu Dhabi",Missile Strike,Iran,Iran,Habshan energy site Abu Dhabi,0,0,Iran strikes Habshan energy site in Abu Dhabi. UAE issues urgent missile alerts as Iran continues targeting energy sites across the Emirates.,0,False
2026-03-23,2026-03-23 12:00:00,inferred,24,Iran,"Garmdareh, Alborz",Airstrike,USA/Israel,USA/Israel,Meythami Base,0,0,Meythami Base in Garmdareh struck on Day 24.,0,False
2026-03-23,2026-03-23 12:00:00,inferred,24,Iran,"Khorramabad, Lorestan",Airstrike,USA/Israel,USA/Israel,Imam Ali Garrison,0,0,Imam Ali Garrison in Khorramabad struck on Day 24.,0,False
2026-03-23,2026-03-23 12:00:00,inferred,24,Iran,Bushehr,Airstrike,USA/Israel,USA/Israel,Air Base Bushehr,0,0,Air Base in Bushehr struck on Day 24.,0,False
2026-03-23,2026-03-23 12:00:00,inferred,24,Iran,Tehran,Airstrike,USA/Israel,USA/Israel,Headquarters of the Air Force Tehran,0,0,Headquarters of the Air Force in Tehran struck on Day 24.,0,False
2026-03-23,2026-03-23 12:00:00,inferred,24,Iran,Isfahan,Airstrike,USA/Israel,USA/Israel,Army Aviation Isfahan,0,0,Army Aviation base in Isfahan struck on Day 24.,0,False
2026-03-23,2026-03-23 12:00:00,inferred,24,Iran,"Khorramabad, Lorestan",Airstrike,USA/Israel,USA/Israel,Shohada-ye Pasdar School,0,0,Shohada-ye Pasdar School in Khorramabad struck on Day 24. Educational facility — protected under international humanitarian law.,0,False
2026-03-23,2026-03-23 12:00:00,inferred,24,Iran,Tehran,Airstrike,USA/Israel,USA/Israel,17-unit residential building,0,0,A 17-unit residential building in Tehran struck on Day 24. Protected civilian structure.,0,False
2026-03-23,2026-03-23 12:00:00,inferred,24,Iran,"Shahr-e Rey, Tehran Province",Airstrike,USA/Israel,USA/Israel,Velayat Cultural Center,0,0,Velayat Cultural Center in Shahr-e Rey struck on Day 24.,0,False
2026-03-23,2026-03-23 12:00:00,inferred,24,Iran,Tehran,Airstrike,USA/Israel,USA/Israel,Gas Company Tehran,0,0,Gas Company building in Tehran struck on Day 24. Critical civilian infrastructure.,0,False
2026-03-23,2026-03-23 12:00:00,inferred,24,Iran,Tehran,Airstrike,USA/Israel,USA/Israel,Three residential units Tehran,0,0,Three residential units in Tehran struck on Day 24. Protected civilian structures.,0,False
2026-03-23,2026-03-23 12:00:00,inferred,24,Iraq,"Rabi'a, Ninewa Province",Rocket Attack,Iran-backed militia,Iran,US military base in northeastern Syria — fired from Rabi'a Iraq,0,0,Seven rockets launched from the Iraqi town of Rabi'a toward a US military base in northeastern Syria. A rocket launch platform and burnt vehicle used to fire rockets found at scene by Iraqi security forces. Confirmed by two Iraqi security sources.,0,False
2026-03-23,2026-03-23 12:00:00,inferred,24,Lebanon,Southern Lebanon,Ground Operation,Israel IDF,Israel,Hezbollah Radwan Force operatives — two captured,0,0,IDF captures two armed Hezbollah Radwan Force operatives during operations in southern Lebanon. Troops of the Givati Brigade spotted operatives planning to launch anti-tank missiles at Israeli forces. Weapons and military equipment located. IDF destroys building from which the Radwan fighters were operating.,0,False
2026-03-23,2026-03-23 12:00:00,inferred,24,Israel,"Kiryat Shmona, Northern Israel",Missile Strike,Hezbollah,Hezbollah,Kiryat Shmona — residential area,0,0,Hezbollah rocket hits Kiryat Shmona in northern Israel on Day 24.,0,False
2026-03-23,2026-03-23 12:00:00,inferred,24,Lebanon,"Qasmiyeh Bridge, Southern Lebanon",Airstrike,Israel,Israel,Qasmiyeh Bridge — Hezbollah logistics route,0,0,IDF strikes Qasmiyeh Bridge in southern Lebanon which Israel says was being used by Hezbollah for logistics.,0,False
2026-03-24,2026-03-24 12:00:00,inferred,25,Iran,"Tabriz, East Azerbaijan",Airstrike,USA/Israel,USA/Israel,Amand Missile Base — Ammand Missile Site,0,0,Amand Missile Base north of Tabriz struck on Day 25. OSINT video shows smoke rising from mountain. ISW confirms base stores Ghadr medium-range ballistic missiles. Combined force previously struck this base on Day 1.,0,False
2026-03-24,2026-03-24 12:00:00,inferred,25,Iran,Tehran,Airstrike,USA/Israel,USA/Israel,Meysam Tammar Basij Base,0,0,Meysam Tammar Basij Base in Tehran struck on Day 25.,0,False
2026-03-24,2026-03-24 12:00:00,inferred,25,Iran,"Borazjan, Bushehr",Airstrike,USA/Israel,USA/Israel,Missile Site Borazjan,0,0,Missile site in Borazjan struck on Day 25.,0,False
2026-03-24,2026-03-24 12:00:00,inferred,25,Iran,Isfahan,Airstrike,USA/Israel,USA/Israel,SAIRAN Optics Building,0,0,SAIRAN Optics Building in Isfahan struck on Day 25. Geolocated footage shows multiple floors collapsed and facade destroyed. Esfahan Optics Industries is a subsidiary of Iran Electronics Industries owned by Iranian Ministry of Defense.,0,False
2026-03-24,2026-03-24 12:00:00,inferred,25,Iran,Isfahan,Airstrike,USA/Israel,USA/Israel,Ammunition Manufacturing Facility — main explosives production facility southwest of Isfahan,0,0,Main explosives production facility southwest of Isfahan City struck on Day 25. IDF reports facility manufactured explosives for various Iranian weapons. Satellite imagery from March 9 shows previous damage indicating earlier strike around that date.,0,False
2026-03-24,2026-03-24 12:00:00,inferred,25,Iran,Isfahan,Airstrike,Israel,Israel,Gas Company Facility on Kaveh Street,0,0,Gas Company facility on Kaveh Street in Isfahan struck on Day 25.,0,False
2026-03-24,2026-03-24 12:00:00,inferred,25,Iran,"Khorramshahr, Khuzestan",Airstrike,USA/Israel,USA/Israel,Power Plant Gas Pipeline,0,0,Power Plant Gas Pipeline in Khorramshahr struck on Day 25. Critical energy infrastructure.,0,False
2026-03-24,2026-03-24 12:00:00,inferred,25,Iran,Tehran,Airstrike,USA/Israel,USA/Israel,Four residential buildings Tehran,0,0,Four residential buildings in Tehran struck on Day 25. Protected civilian structures.,0,False
2026-03-24,2026-03-24 12:00:00,inferred,25,Iran,"Andimeshk, Khuzestan",Airstrike,USA/Israel,USA/Israel,Swimming Pool and Multi-Purpose Hall at Kargar Sports Complex Kooy-e Qaem,0,0,"Swimming Pool and Multi-Purpose Hall at Kargar Sports Complex in Kooy-e Qaem, Andimeshk struck on Day 25.",0,False
2026-03-24,2026-03-24 12:00:00,inferred,25,Iran,Isfahan,Airstrike,USA/Israel,USA/Israel,30 shops and businesses Isfahan,0,0,Damage to 30 shops and businesses in Isfahan on Day 25.,0,False
2026-03-24,2026-03-24 12:00:00,inferred,25,Iran,"Shahin Shahr, Isfahan",Airstrike,Israel,Israel,Malek Ashtar University of Technology,0,0,"Malek Ashtar University of Technology in Shahin Shahr, Isfahan Province struck on Day 25. ISW confirms university is linked to Defense Industries Organization, subsidiary of Iranian Ministry of Defense. Combined force previously struck Malek Ashtar Aerospace Complex in Tehran on Day 3.",0,False
2026-03-24,2026-03-24 12:00:00,inferred,25,Iran,"Bandar Anzali, Gilan",Airstrike,Israel,Israel,Shahid Tamjidi Offshore Industries,0,0,"Shahid Tamjidi Offshore Industries building in Bandar Anzali struck on Day 25. ISW confirms facility affiliated with Marine Industries Organization, subsidiary of Iran Defense Industries Organization. Combined force previously struck this site on Day 19.",0,False
2026-03-24,2026-03-24 12:00:00,inferred,25,Iran,"Greater Tunb Island, Hormozgan",Airstrike,USA,USA,Greater Tunb Island — port berths fast attack craft aircraft hangar communications fuel depots,0,0,"US strikes on Greater Tunb Island near Strait of Hormuz. ISW confirms satellite imagery from March 22 shows damage to port berths, nearby buildings, fast attack craft, communications infrastructure, fuel depots, maintenance facilities, and aircraft hangar. Strikes also targeted facilities supporting underground bunkers storing anti-ship cruise missiles.",0,False
2026-03-24,2026-03-24 12:00:00,inferred,25,Iran,"Abu Musa Island, Hormozgan",Airstrike,USA,USA,Abu Musa Island — eastern and western port facilities aircraft hangars,0,0,"US strikes on Abu Musa Island near Strait of Hormuz. ISW confirms satellite imagery from March 22 shows strikes on eastern port berths and adjacent warehouse, western port wharf, and three aircraft hangars on eastern end of island airstrip.",0,False
2026-03-24,2026-03-24 12:00:00,inferred,25,Iran,Bushehr,Airstrike,USA/Israel,USA/Israel,IRGC Navy 2nd Nouh-e Nabi Region Headquarters,0,0,"IRGC Navy 2nd Nouh-e Nabi Region Headquarters in Bushehr City struck on Day 25. ISW confirms large plume of smoke following strike on naval base. Combined force previously struck this base on Day 7, Day 14, and Day 21.",0,False
2026-03-24,2026-03-24 12:00:00,inferred,25,Iran,"Shiraz, Fars",Airstrike,USA/Israel,USA/Israel,Artesh Air Force 7th Tactical Airbase,0,0,Artesh Air Force 7th Tactical Airbase in Shiraz struck on Day 25. ISW confirms anti-regime media published footage of strike. Combined force previously struck this base on Day 14.,0,False
2026-03-24,2026-03-24 12:00:00,inferred,25,Israel,"Haris, Northern West Bank",Missile Strike,Iran,Iran,Haris village area northern West Bank — Iranian Fattah-series ballistic missile fragment,0,0,Iranian ballistic missile fragment lands in Haris in the northern West Bank on Day 25. Missile expert identifies fragment as belonging to Iranian Fattah-series medium-range ballistic missile.,0,False
2026-03-24,2026-03-24 12:00:00,inferred,25,Israel,"Mahanayim Junction, Northern Israel",Missile Strike,Hezbollah,Hezbollah,Mahanayim Junction — Hezbollah rocket,1,2,Hezbollah rocket impacts near Mahanayim Junction in northern Israel killing one individual and injuring two others on Day 25.,3,True
2026-03-24,2026-03-24 12:00:00,inferred,25,Israel,"Upper Galilee, Northern Israel",Missile Strike,Hezbollah,Hezbollah,Upper Galilee communities — Hezbollah rocket barrage of approximately 30 rockets,0,0,Hezbollah launches barrage of approximately 30 rockets toward the Upper Galilee on Day 25.,0,False
2026-03-24,2026-03-24 12:00:00,inferred,25,Israel,"Haifa Bay area, Northern Israel",Missile Strike,Hezbollah,Hezbollah,Haifa Bay area — Hezbollah rocket barrage of 30 rockets,0,0,Hezbollah launches barrage of 30 rockets toward the Haifa Bay area in northern Israel on Day 25.,0,False
2026-03-24,2026-03-24 12:00:00,inferred,25,UAE,"Habshan, Abu Dhabi",Missile Strike,Iran,Iran,Habshan energy site Abu Dhabi — continued strikes,0,0,UAE issues urgent missile alerts as Iran continues targeting Habshan energy site in Abu Dhabi on Day 25. UAE Defence Ministry tracks incoming attacks of missiles and drones from Iran.,0,False
2026-03-25,2026-03-25 04:00:00,known,26,Iran,"Bandar Abbas, Hormozgan",Airstrike,USA/Israel,USA/Israel,Airbase Bandar Abbas,0,0,US-Israeli airstrikes target Bandar Abbas Airbase on Day 26. Hormozgan Province accounts for 13% of day attacks. HRANA records 90 attacks across 53 incidents in 13 provinces. Hormozgan provincial official confirms 222 residents killed since war began.,0,False
2026-03-25,2026-03-25 04:30:00,known,26,Iran,"Bandar Abbas, Hormozgan",Naval Attack,USA/Israel,USA/Israel,Marine Brigade Bandar Abbas — IRGC naval infantry HQ,0,0,US-Israeli strikes target IRGC Marine Brigade headquarters in Bandar Abbas on Day 26. Campaign to degrade IRGC Navy capacity controlling Strait of Hormuz.,0,False
2026-03-25,2026-03-25 05:00:00,known,26,Iran,"Bandar Abbas, Hormozgan",Naval Attack,USA/Israel,USA/Israel,Bandar Abbas Shipyard — IRGC naval vessel production,0,0,US-Israeli airstrike targets Bandar Abbas shipyard on Day 26. Facility produces IRGC naval vessels including speedboats and missile boats used for Strait of Hormuz operations.,0,False
2026-03-25,2026-03-25 06:00:00,known,26,Iran,"Shiraz, Fars",Airstrike,USA/Israel,USA/Israel,Shiraz Airport — dual-use military logistics hub,0,0,US-Israeli airstrike targets Shiraz Airport in Fars Province on Day 26. Airport serves dual civilian and military logistics function. Fars Province ranks third in day targets.,0,False
2026-03-25,2026-03-25 06:30:00,known,26,Iran,"Lamerd, Fars",Airstrike,USA/Israel,USA/Israel,Lamerd Airport — secondary airfield,0,0,US-Israeli airstrike targets Lamerd Airport in Fars Province on Day 26. Secondary airfield targeted to degrade Iranian air force dispersal capability.,0,False
2026-03-25,2026-03-25 07:00:00,known,26,Iran,"Tabriz, East Azerbaijan",Airstrike,USA/Israel,USA/Israel,Railway staff housing Tabriz — protected civilian infrastructure,0,4,US-Israeli airstrike damages railway staff housing in Tabriz on Day 26. Protected civilian facility under international humanitarian law. East Azerbaijan among 13 targeted provinces.,4,True
2026-03-25,2026-03-25 07:30:00,known,26,Iran,"Tehran, Tehran",Airstrike,USA/Israel,USA/Israel,Residential homes eastern Tehran — civilian areas,3,8,US-Israeli airstrikes damage residential homes in eastern Tehran on Day 26. Tehran Province accounts for 23% of day attacks ranking first. HRANA total: 9 civilians killed 18 injured Day 26.,11,True
2026-03-25,2026-03-25 08:00:00,known,26,Iran,"Mashhad, Razavi Khorasan",Airstrike,USA/Israel,USA/Israel,Mashhad — military facilities and Imam Sajjad Mosque,0,3,Strikes reach Razavi Khorasan for second time in war. Imam Sajjad Mosque and Kiarostami House-Museum damaged — protected under international humanitarian law. Unprecedented geographic spread.,3,True
2026-03-25,2026-03-25 08:30:00,known,26,Iran,"Ahvaz, Khuzestan",Airstrike,USA/Israel,USA/Israel,Industrial Town No. 5 Ahvaz — dual-use industrial facility,0,0,US-Israeli airstrike targets Industrial Town No. 5 in Ahvaz Khuzestan Province on Day 26. Facility classification under review. Part of campaign targeting Iranian industrial capacity.,0,False
2026-03-25,2026-03-25 12:00:00,inferred,26,Iran,Multiple provinces,Airstrike,USA/Israel,USA/Israel,Multiple military targets across 13 provinces — Day 26 summary,9,18,HRANA Day 26 summary: 90 attacks across 53 incidents in 13 provinces. 9 civilians killed 18 injured. Cumulative since Feb 28: 1464 civilian dead including 217 children; 1167 military dead. Israeli Defense Minister confirms 15000 bombs dropped on Iran — 4x amount used in 12-day war.,27,True
2026-03-26,2026-03-26 02:00:00,known,27,Iran,"Tehran, Tehran",Airstrike,USA/Israel,USA/Israel,Ministry of Defense aerospace industries Mehrabad Tehran,0,0,US-Israeli airstrikes target Ministry of Defense aerospace industries at Mehrabad Tehran on Day 27. Tehran accounts for 49% of day attacks. Renewed escalation after two days of relative decline.,0,False
2026-03-26,2026-03-26 02:30:00,known,27,Iran,"Tehran, Tehran",Airstrike,USA/Israel,USA/Israel,Garrison 06 Tehran — IRGC military base,0,0,US-Israeli airstrike targets IRGC Garrison 06 in Tehran on Day 27. Part of wave targeting military infrastructure as Tehran Province accounts for 49% of 357 attacks across 154 incidents.,0,False
2026-03-26,2026-03-26 03:00:00,known,27,Iran,"Zafar, Tehran",Missile Strike,USA/Israel,USA/Israel,Zafar missile site — ballistic missile storage and launch facility,0,0,US-Israeli airstrike targets Zafar missile site in Tehran Province on Day 27. Facility involved in ballistic missile storage and launch operations targeting Israeli territory.,0,False
2026-03-26,2026-03-26 03:30:00,known,27,Iran,"Shiraz, Fars",Airstrike,USA/Israel,USA/Israel,Army armored garrison Shiraz — ground forces base,0,0,US-Israeli airstrike targets Army armored garrison in Shiraz on Day 27. Fars Province ranks third in day attacks with 7% share.,0,False
2026-03-26,2026-03-26 04:00:00,known,27,Iran,"Hamedan, Hamedan",Airstrike,USA/Israel,USA/Israel,IRGC-affiliated headquarters Hamedan,0,0,US-Israeli airstrike targets IRGC headquarters in Hamedan Province on Day 27. Hamedan among newly targeted provinces as strikes spread across 21 provinces — widest geographic spread of the war.,0,False
2026-03-26,2026-03-26 04:30:00,known,27,Iran,"Mashhad, Razavi Khorasan",Airstrike,USA/Israel,USA/Israel,Fuel depot Shahid Hashemi-Nejad Airport Mashhad,0,0,US-Israeli airstrike targets fuel depot near Shahid Hashemi-Nejad Airport in Mashhad on Day 27. Razavi Khorasan ranks joint second with Isfahan at 10% share of day attacks.,0,False
2026-03-26,2026-03-26 05:00:00,known,27,Iran,"Isfahan, Isfahan",Airstrike,USA/Israel,USA/Israel,Residential buildings and judiciary Kaveh Street Isfahan — protected civilian sites,2,5,US-Israeli airstrikes damage four-story residential building and judiciary building on Kaveh Street in Isfahan. Protected under international humanitarian law. Isfahan ranks joint second at 10% of attacks.,7,True
2026-03-26,2026-03-26 05:30:00,known,27,Iran,"Bandar Abbas, Hormozgan",Airstrike,USA/Israel,USA/Israel,Seven-story residential building Bandar Abbas — protected civilian structure,0,2,US-Israeli airstrike damages seven-story residential building in Bandar Abbas on Day 27. Protected civilian structure. Zanjan Governor confirms 60 province citizens killed since war start.,2,True
2026-03-26,2026-03-26 06:00:00,known,27,Iran,"Khosrowshah, East Azerbaijan",Airstrike,USA/Israel,USA/Israel,Asbas village residential areas — protected civilian infrastructure,0,0,US-Israeli airstrike targets residential areas of Asbas village in Khosrowshah East Azerbaijan on Day 27. Protected civilian infrastructure under international humanitarian law.,0,False
2026-03-26,2026-03-26 06:30:00,known,27,Iran,"Neyshabur, Razavi Khorasan",Airstrike,USA/Israel,USA/Israel,Industrial town Neyshabur — dual-use facility,0,0,US-Israeli airstrike targets industrial town in Neyshabur Razavi Khorasan Province on Day 27. Facility classification under review by HRANA.,0,False
2026-03-26,2026-03-26 08:00:00,known,27,Iran,"Tehran, Tehran",Airstrike,Israel,Israel,Naval cruise missile production sites Tehran — 2 key facilities,0,0,IAF strikes 2 key naval cruise missile production sites in Tehran on Day 27. Fighter jets target facilities developing long-range naval cruise missiles capable of striking targets at sea and on land.,0,False
2026-03-26,2026-03-26 09:00:00,known,27,Iran,"Tehran, Tehran",Airstrike,USA/Israel,USA/Israel,Wide-scale wave of airstrikes on Tehran — multiple targets,0,0,Israeli media confirms IAF launches wide-scale wave of airstrikes on Tehran on Day 27. Multiple military and industrial targets struck. Tehran accounts for 49% of all Day 27 attacks.,0,False
2026-03-26,2026-03-26 10:00:00,known,27,Iran,"Bandar Abbas, Hormozgan",Assassination,Israel,Israel,Mosayeb Bakhtiari — Iranian Navy commander killed in airstrikes,1,0,Iranian Navy commander Mosayeb Bakhtiari killed in Israeli airstrikes on Bandar Abbas on Day 27. Senior IRGC naval officer targeted as part of decapitation campaign against Iranian military leadership.,1,True
2026-03-26,2026-03-26 12:00:00,known,27,Saudi Arabia,"Prince Sultan Air Base, Saudi Arabia",Missile Strike,Iran,Iran,Prince Sultan Air Base — US military personnel,2,8,Iranian missile strikes Prince Sultan Air Base in Saudi Arabia on Day 27. CBS News reports 2 US service members critically injured and 8 seriously wounded. Wall Street Journal confirms Iranian missile struck base.,10,True
2026-03-26,2026-03-26 14:00:00,known,27,Kuwait,"Kuwait City, Kuwait",Drone Strike,Iran,Iran,Kuwait International Airport — radar system,0,0,Iranian drone attacks hit Kuwait International Airport on Day 27 causing significant damage to radar system. Kuwaiti Civil Aviation confirms radar system damaged. Airport operational capacity severely degraded.,0,False
2026-03-26,2026-03-26 14:30:00,known,27,Kuwait,"Shuwaikh Port, Kuwait City",Drone Strike,Iran,Iran,Shuwaikh Port Kuwait City — port infrastructure,0,0,Drone attacks hit Kuwait Shuwaikh Port causing material damage. Satellite imagery shows smoke at fuel tanks. Kuwait Ministry of Electricity reports 7 overhead power lines out causing partial outages.,0,False
2026-03-26,2026-03-26 15:00:00,known,27,UAE,UAE airspace,Interception,UAE,UAE,UAE air defense intercept — 6 ballistic missiles and 9 drones from Iran,0,0,UAE air defenses intercept 6 ballistic missiles and 9 drones launched from Iran on Day 27. Cumulative total since war start: 378 ballistic missiles intercepted by UAE. 2 killed 3 injured from shrapnel on Sweihan Street.,0,False
2026-03-26,2026-03-26 16:00:00,known,27,Oman,"Salalah Port, Oman",Drone Strike,Iran,Iran,Port of Salalah — crane infrastructure,0,1,Port of Salalah hit by two drones on Day 27. One foreign worker injured and crane damaged. Second drone attack on Salalah Port during the war.,1,True
2026-03-26,2026-03-26 17:00:00,known,27,Saudi Arabia,"Eastern Province, Saudi Arabia",Drone Strike,Iran,Iran,Saudi Eastern Province — drone attacks intercepted,0,0,Saudi Ministry of Defense intercepts and destroys 5 drones in Eastern Province on Day 27. Sustained Iranian drone campaign targeting Gulf state infrastructure.,0,False
2026-03-26,2026-03-26 18:00:00,known,27,Bahrain,"Manama, Bahrain",Missile Strike,Iran,Iran,Bahrain — sirens activated incoming missile and drone threat,0,0,Bahrain Ministry of Interior activates sirens on Day 27. Bahrain Defense Force announces death of Emirati soldier during response to Iranian attacks.,0,False
2026-03-26,2026-03-26 19:00:00,known,27,Israel,Central Israel,Missile Strike,Iran,Iran,Central Israel — Iranian ballistic missile barrage,0,7,Iran launches ballistic missile barrage toward central Israel on Day 27. Multiple interceptors visible over Tel Aviv. Sirens activated across Golan Galilee and Judean Plain.,7,True
2026-03-26,2026-03-26 19:30:00,known,27,Israel,"Bnei Brak, Central Israel",Missile Strike,Iran,Iran,Bnei Brak — Iranian cluster bomb warhead ballistic missile,0,7,Iranian ballistic missile with cluster bomb warhead strikes Bnei Brak on Day 27. 7 injured including infant. Bomblets spread across Bnei Brak and nearby cities.,7,True
2026-03-26,2026-03-26 20:00:00,known,27,Iran,"Yazd, Yazd",Missile Strike,Iran,Iran,Ballistic missile launches from Yazd toward Israel,0,0,IRGC launches ballistic missiles from Yazd city and Yazd Kouhestan Missile City toward Israel on Day 27. Multiple launch sites activated.,0,False
2026-03-26,2026-03-26 12:00:00,inferred,27,Iran,Multiple provinces,Airstrike,USA/Israel,USA/Israel,Multiple military targets across 21 provinces — Day 27 summary,28,9,HRANA Day 27 summary: 357 attacks across 154 incidents in 21 provinces — renewed escalation. 28 civilians killed including 4 children; 9 injured. Cumulative since Feb 28: 1492 civilian dead including 221 children; 1167 military dead.,37,True
2026-03-27,2026-03-27 02:00:00,known,28,Iran,"Tehran, Tehran",Airstrike,USA/Israel,USA/Israel,Parchin Military Complex Tehran — weapons development,0,0,US-Israeli airstrike targets Parchin Military Complex in Tehran Province on Day 28. Facility associated with Iranian weapons development. Tehran accounts for 36% of day's 541 attacks — highest rate in past week.,0,False
2026-03-27,2026-03-27 02:30:00,known,28,Iran,"Isfahan, Isfahan",Airstrike,USA/Israel,USA/Israel,Army Helicopter Base Isfahan — rotary wing aviation,0,0,US-Israeli airstrike targets Army Helicopter Base in Isfahan on Day 28. Isfahan Province accounts for 18% of day attacks. 25 workers killed in Isfahan province including one from Armenian Christian community.,0,False
2026-03-27,2026-03-27 03:00:00,known,28,Iran,"Vilashahr, Isfahan",Airstrike,USA/Israel,USA/Israel,Ahmad Kazemi Garrison Vilashahr — IRGC base,0,0,US-Israeli airstrike targets Ahmad Kazemi Garrison in Vilashahr Isfahan Province on Day 28. IRGC garrison targeted as part of sustained campaign degrading ground force infrastructure.,0,False
2026-03-27,2026-03-27 03:30:00,known,28,Iran,"Andimeshk, Khuzestan",Airstrike,USA/Israel,USA/Israel,4th Tactical Fighter Base Dezful Andimeshk — IRIAF combat aviation,0,0,US-Israeli airstrike targets 4th Tactical Fighter Base at Dezful near Andimeshk in Khuzestan Province on Day 28. Operational fighter base targeted to degrade Iranian Air Force combat capability.,0,False
2026-03-27,2026-03-27 04:00:00,known,28,Iran,"Isfahan, Isfahan",Airstrike,USA/Israel,USA/Israel,Mobarakeh Steel Company Isfahan — largest steel producer Iran,0,25,US-Israeli airstrike hits Mobarakeh Steel Company in Isfahan on Day 28. Largest steel producer in Iran and Middle East. 25 workers killed across Isfahan steel and industrial facilities.,25,True
2026-03-27,2026-03-27 04:15:00,known,28,Iran,"Ahvaz, Khuzestan",Airstrike,USA/Israel,USA/Israel,Khuzestan Steel Company Ahvaz — major steel producer,0,0,US-Israeli airstrike hits Khuzestan Steel Company in Ahvaz on Day 28. Second major steel facility targeted in same wave. Large-scale attack on Iran steel industry marks new phase of infrastructure degradation.,0,False
2026-03-27,2026-03-27 04:30:00,known,28,Iran,"Firoozabad, Fars",Airstrike,USA/Israel,USA/Israel,Firoozabad Cement Plant and Mine — civilian industrial facility,0,0,US-Israeli airstrike targets Firoozabad Cement Plant and Mine in Fars Province on Day 28. Civilian industrial facility under international humanitarian law review.,0,False
2026-03-27,2026-03-27 05:00:00,known,28,Iran,"Ardakan, Yazd",Airstrike,USA/Israel,USA/Israel,Ardakan Uranium Processing Facility — nuclear fuel cycle,0,0,US-Israeli airstrike targets Ardakan Uranium Processing Facility in Yazd Province on Day 28. Facility processes uranium ore concentrate. Nuclear processing infrastructure strike.,0,False
2026-03-27,2026-03-27 05:15:00,known,28,Iran,"Arak, Markazi",Airstrike,Israel,Israel,Arak Heavy Water Facility — nuclear reactor infrastructure,0,0,Israeli airstrike targets Arak Heavy Water Facility on Day 28. Modified IR-40 heavy water reactor complex. Part of IAF 50+ aircraft strike on nuclear facilities in Arak and Yazd in three simultaneous waves. No radiation leak reported.,0,False
2026-03-27,2026-03-27 05:30:00,known,28,Iran,"Yazd, Yazd",Airstrike,Israel,Israel,Nuclear facilities and military manufacturing sites Yazd — 3-wave IAF strike,0,0,Israeli Air Force conducts strike with more than 50 aircraft targeting nuclear facilities and military manufacturing sites in Arak and Yazd in three simultaneous waves on Day 28.,0,False
2026-03-27,2026-03-27 06:00:00,known,28,Iran,"Isfahan, Isfahan",Airstrike,USA/Israel,USA/Israel,Isfahan power plant 2500MW — largest thermal power plant Iran,0,0,US-Israeli airstrikes target Isfahan power plant with 2500MW capacity — largest thermal power plant in Iran supplying central industrial sector. Khorramshahr power plant 1100MW also struck simultaneously.,0,False
2026-03-27,2026-03-27 06:15:00,known,28,Iran,"Khorramshahr, Khuzestan",Airstrike,USA/Israel,USA/Israel,Khorramshahr power plant 1100MW — southern Iran electricity supply,0,0,US-Israeli airstrikes target Khorramshahr power plant with 1100MW capacity — fifth largest in Iran supplying southern region. Gas pipeline also struck simultaneously with Isfahan plant.,0,False
2026-03-27,2026-03-27 07:00:00,known,28,Iran,"Tehran, Tehran",Airstrike,USA/Israel,USA/Israel,Heavy airstrikes Tehran Isfahan Kermanshah — multiple targets,0,0,Heavy airstrikes hit Tehran Isfahan and Kermanshah on Day 28. Tehran remains primary target at 36% of attacks. Unprecedented and widespread bombing of Tehran reported throughout the day.,0,False
2026-03-27,2026-03-27 08:00:00,known,28,Iran,"Yazd, Yazd",Missile Strike,Iran,Iran,Ballistic missile launches from Yazd toward Israel,0,0,IRGC launches ballistic missiles from Yazd Province toward Israel on Day 28. Israeli Army announces detection and interception. Iran maintains active missile launch capability despite 541 attacks on its territory.,0,False
2026-03-27,2026-03-27 09:00:00,known,28,Iran,"Mashhad, Razavi Khorasan",Airstrike,USA/Israel,USA/Israel,Unprecedented bombing of Mashhad — multiple targets,0,0,Unprecedented and widespread bombing of Mashhad city on Day 28. Airbase and airport previously struck continue to be targeted. Images show smoke plumes over Mashhad.,0,False
2026-03-27,2026-03-27 10:00:00,known,28,Israel,"Beersheba, Southern Israel",Missile Strike,Iran-backed militia,Iran-backed militia,Beersheba and surrounding areas — Houthi ballistic missile from Yemen,0,0,Ballistic missile launched from Yemen by Houthi forces toward Beersheba on Day 28. First such attack since latest lull in fighting. Israeli army intercepts threat. Air raid sirens sound across southern Israel.,0,False
2026-03-27,2026-03-27 10:30:00,known,28,Israel,Southern Israel,Interception,Israel,Israel,Iranian missile fired toward southern Israel — intercepted,0,0,Israeli Army Radio reports Iranian missile fired toward southern Israel intercepted on Day 28. Aerial defense systems engaged. Multiple missile attacks on Israel throughout the day.,0,False
2026-03-27,2026-03-27 11:00:00,known,28,UAE,"Abu Dhabi, UAE",Missile Strike,Iran,Iran,UAE air defense engagement — ballistic missiles and drones from Iran,2,3,UAE air defenses and fighter jets deal with missile and drone attacks from Iran on Day 28. Two people killed and three injured after shrapnel falls on Sweihan Street following intercept of ballistic missile.,5,True
2026-03-27,2026-03-27 11:30:00,known,28,UAE,"Al Dhafra Air Base, UAE",Missile Strike,Iran,Iran,Al Dhafra Air Base UAE — IRGC targets US military assets,0,0,IRGC announces targeting of US military bases Al Dhafra UAE Ali Al Salem Kuwait and Arifjan Kuwait on Day 28. IRGC claims strikes on US forward operating bases across Gulf region.,0,False
2026-03-27,2026-03-27 11:45:00,known,28,Kuwait,"Ali Al Salem Air Base, Kuwait",Missile Strike,Iran,Iran,Ali Al Salem Air Base Kuwait — US military installation,0,0,IRGC claims strike on Ali Al Salem Air Base in Kuwait on Day 28. USAF rotational fighter and tanker base targeted. Kuwait military confirms responding to incoming missile and drone threats.,0,False
2026-03-27,2026-03-27 12:00:00,known,28,Kuwait,"Camp Arifjan, Kuwait",Missile Strike,Iran,Iran,Camp Arifjan Kuwait — US Army forward logistics hub,0,0,IRGC claims strike on Camp Arifjan US Army logistics hub in Kuwait on Day 28. Pre-positioned equipment hub targeted. Kuwait power outages continue from previous day air defense debris.,0,False
2026-03-27,2026-03-27 13:00:00,known,28,Saudi Arabia,"Eastern Province, Saudi Arabia",Drone Strike,Iran,Iran,Saudi Eastern Province — drone attacks intercepted,0,0,Saudi Ministry of Defense intercepts and destroys 5 drones in Eastern Province on Day 28. Sustained Iranian drone campaign targeting Gulf state infrastructure continues.,0,False
2026-03-27,2026-03-27 13:30:00,known,28,Iran,"Bandar Abbas, Hormozgan",Airstrike,USA/Israel,USA/Israel,Security headquarters near Fisheries Department Bandar Abbas,0,0,Airstrike targets security headquarters near Fisheries Department in Bandar Abbas on Day 28. Continued targeting of IRGC and security infrastructure in Hormozgan Province.,0,False
2026-03-27,2026-03-27 12:00:00,inferred,28,Iran,Multiple provinces,Airstrike,USA/Israel,USA/Israel,Multiple military and industrial targets across 18 provinces — Day 28 summary,35,60,HRANA Day 28 summary: 541 attacks across 164 incidents in 18 provinces — highest rate in past week. 35 civilians killed including 7 children and 6 women; 60 injured. Cumulative since Feb 28: 1527 civilian dead including 228 children; 1167 military dead; 695 unclassified. Red Crescent: 92000 civilian units damaged.,171,True
