date,day_of_war,war_phase,actor,actor_type,actor_alignment,country,domain,event_type,escalation_direction,geographic_scope,significance,description
2026-02-27,0,Pre-War,Donald Trump,Head of State,US-Israel Coalition,USA,Military-Political,War Authorization,Escalatory,Global,High,Trump gives order to proceed with Operation Epic Fury aboard Air Force One en route to Corpus Christi Texas.
2026-02-27,0,Pre-War,Secretary of State Marco Rubio,Government Official,US-Israel Coalition,USA,Diplomatic,Messaging Discipline Order,Neutral,Global,Medium,Rubio issues classified memorandum ordering all US Chiefs of Mission and ambassadors globally to avoid inflammatory commentary on the Middle East - OPSEC measure to prevent preemptive Iranian retaliatory mobilization.
2026-02-27,0,Pre-War,Donald Trump,Head of State,US-Israel Coalition,USA,Diplomatic,Ultimatum,Escalatory,Global,High,Trump publicly demands zero uranium enrichment from Iran collapsing last remaining diplomatic space from Geneva talks. Effective casus belli declaration ending negotiations.
2026-02-27,0,Pre-War,France and Italy,State Government,Neutral,France / Italy,Diplomatic,Evacuation Directive,Neutral,Regional,Medium,France and Italy issue urgent travel directives instructing citizens to immediately evacuate Iran and exercise maximum caution in Israel.
2026-02-27,0,Pre-War,Israeli Supreme Court,Judiciary,US-Israel Coalition,Israel,Legal,Injunction,De-escalatory,Local,Low,Israeli Supreme Court issues injunction freezing government ban on foreign humanitarian aid organizations in Gaza and West Bank.
2026-02-28,1,Shock and Awe,Turkish Ministry of Foreign Affairs,State Government,Neutral,Turkey,Diplomatic,Condemnation,Neutral,Regional,Medium,Turkey issues statement expressing deep concern for civilian lives following onset of US-Israeli strikes on Iran.
2026-02-28,1,Shock and Awe,Prime Minister of Spain,Head of Government,Neutral,Spain,Diplomatic,Condemnation,De-escalatory,Regional,Medium,Prime Minister of Spain condemns the US-Israeli military attack and emphasizes urgent need to reduce tensions in the region.
2026-02-28,1,Shock and Awe,Iran Prosecutors Office,State Institution,Iran-Axis,Iran,Domestic Politics,Censorship / Narrative Control,Escalatory,Local,Medium,Iran Prosecutors Office issues warning against individuals spreading fear or rumor-mongering in cyberspace - domestic narrative control measure suppressing wartime information flow.
2026-02-28,1,Shock and Awe,Iran security-aligned news outlets,Media,Iran-Axis,Iran,Domestic Politics,Threat Against Civilians,Escalatory,Local,Medium,Security-aligned news outlets warn domestic critics that checkpoint units across the country have been armed and received legal authorization to open fire.
2026-02-28,1,Shock and Awe,Iranian state media,State Media,Iran-Axis,Iran,Governance,Leadership Death Confirmed,Escalatory,Global,High,Ayatollah Ali Khamenei death confirmed by Iranian state media following decapitation strikes on Day 1.
2026-02-28,1,Shock and Awe,Ali Larijani,Government Official,Iran-Axis,Iran,Governance,Interim Government Formation,Neutral,Regional,High,Ali Larijani announces formation of an Interim Leadership Council following Khameneis death.
2026-02-28,1,Shock and Awe,Irans top security council,State Institution,Iran-Axis,Iran,Governance,Casualty Confirmation,Neutral,Regional,High,Irans top security council confirms 40+ senior officials killed in opening strikes including Khamenei family members.
2026-02-28,1,Shock and Awe,UK PM Sir Keir Starmer / France / Germany,Head of Government,Neutral,UK / France / Germany,Diplomatic,Joint Condemnation of Iranian Counter-Strikes,De-escalatory,Global,High,UK PM Starmer in joint statement with leaders of France and Germany condemns Iranian counter-strikes and calls for resumption of diplomacy. Reiterated shared position that Iran should end its nuclear programme curtail ballistic missile programme end repression of Iranians and stop support for armed groups abroad.
2026-02-28,1,Shock and Awe,UK PM Sir Keir Starmer,Head of Government,Neutral,UK,Military-Political,Authorization of US Use of UK Military Bases,Escalatory,Global,High,UK PM confirms US can use UK military bases - Diego Garcia and RAF Fairford - for a specific and limited defensive purpose to destroy Iranian missiles at source. UK government publishes summary legal advice on its decision. UK aircraft deployed in defensive role to intercept missiles. UK has not participated militarily in offensive strikes.
2026-02-28,1,Shock and Awe,Iran Foreign Ministry,State Institution,Iran-Axis,Iran,Diplomatic,Request for UN Action Against US and Israel,Escalatory,Global,High,Iran Foreign Ministry formally requests UN action against Israeli and US aggression following onset of Operation Epic Fury strikes.
2026-03-01,2,Shock and Awe,Iranian state media,State Media,Iran-Axis,Iran,Governance,Leadership Death Confirmed,Escalatory,Regional,High,Chief of Staff Abdolrahim Mousavi confirmed killed. Conflicting reports circulate regarding the fate of Mahmoud Ahmadinejad.
2026-03-01,2,Shock and Awe,Lebanese government,State Government,Neutral,Lebanon,Domestic Politics,Proxy Disarmament Demand,De-escalatory,Regional,High,Lebanon bans military activities by Hezbollah after Hezbollah declares war on Israel. Lebanese government calls for Hezbollah to hand over weapons.
2026-03-01,2,Shock and Awe,QatarEnergy,State Energy Company,Neutral,Qatar,Economic,Force Majeure Declaration,Escalatory,Global,High,QatarEnergy declares force majeure on gas exports after LNG facilities struck by Iranian drones.
2026-03-01,2,Shock and Awe,UN Security Council,International Institution,International,International,Diplomatic,Emergency Session - No Resolution,Neutral,Global,High,UN Security Council holds emergency session but fails to reach consensus on a ceasefire mandate - blocked by competing geopolitical interests.
2026-03-02,3,Shock and Awe,Israel,State Government,US-Israel Coalition,Israel,Military-Political,Targeting of Constitutional Process,Escalatory,Regional,High,Israel bombs Irans Assembly of Experts building while its 88 members are in preliminary meeting to elect new Supreme Leader - direct targeting of Irans constitutional successor-selection process.
2026-03-02,3,Shock and Awe,Qatar,State Government,Neutral,Qatar,Military-Political,Shootdown of Iranian Aircraft,Escalatory,Regional,High,Qatar shoots down two Iranian Su-24 bombers - first nation to shoot down manned Iranian aircraft in the conflict.
2026-03-02,3,Shock and Awe,Turkey,State Government,Neutral,Turkey,Diplomatic,Airspace Closure,De-escalatory,Regional,High,Turkey officially closes airspace to all military transit complicating coalition logistical corridors.
2026-03-03,4,Early Attrition,NATO / Turkey,Military Alliance,Neutral,Turkey,Diplomatic,Article 4 Consultations,Escalatory,Global,High,NATO Article 4 consultations begin after Iranian ballistic missile lands on NATO territory in Hatay Province Turkey. Turkey asserts right to self-defense. First Iranian missile to land on NATO territory.
2026-03-03,4,Early Attrition,Crown Prince MBS,Head of State,Neutral,Saudi Arabia,Military-Political,Military Authorization,Escalatory,Regional,High,Crown Prince MBS authorizes military force against further Iranian incursions into Saudi airspace.
2026-03-03,4,Early Attrition,Israeli Defense Minister,Government Official,US-Israel Coalition,Israel,Military-Political,Ground Invasion Authorization,Escalatory,Regional,High,Israeli Defense Minister authorizes ground invasion of Lebanon to seize strategic positions.
2026-03-03,4,Early Attrition,Jordan,State Government,Neutral,Jordan,Diplomatic,Airspace Closure,De-escalatory,Regional,Medium,Jordan mandates total airspace closure after stray munitions threatened commercial transit.
2026-03-03,4,Early Attrition,European Union,International Institution,International,International,Diplomatic,Emergency Summit,De-escalatory,Global,High,European Union convenes emergency summit following confirmed radiological release at Fordow enrichment facility caused by GBU-57 strikes on deeply buried centrifuge halls.
2026-03-03,4,Early Attrition,Multiple neighboring states,State Government,Neutral,Regional,Military-Political,CBRN Protocols Activated,Neutral,Regional,High,Neighboring states initiate CBRN - Chemical Biological Radiological Nuclear - defense protocols in response to confirmed radiological breach at Fordow.
2026-03-04,5,Early Attrition,Azerbaijan,State Government,Neutral,Azerbaijan,Diplomatic,Ambassador Summoned / Diplomats Withdrawn,Escalatory,Regional,High,Azerbaijan summons Iranian ambassador withdraws diplomats and promises military response following Iranian drone strikes on Nakhchivan exclave.
2026-03-04,5,Early Attrition,Syria,State Government,Neutral,Syria,Military-Political,Border Closure,De-escalatory,Regional,Medium,Syrian forces block Syrian-Lebanese border to stop Hezbollah from crossing and smuggling weapons.
2026-03-04,5,Early Attrition,Italy / Netherlands / Spain,State Government,Neutral,International,Diplomatic,Naval Deployment to Cyprus,Escalatory,Regional,Medium,Italy Netherlands and Spain confirm sending warships to defend Cyprus following Iranian drone attacks near the island.
2026-03-04,5,Early Attrition,Qatar,State Government,Neutral,Qatar,Domestic Politics,Arrest of IRGC Cell,De-escalatory,Regional,High,Qatar arrests ten individuals for operating as a cell of the IRGC in Qatari territory collecting data on military infrastructure with some trained to use drones.
2026-03-05,6,Early Attrition,US Senate,Legislature,US-Israel Coalition,USA,Domestic Politics,War Powers Resolution Defeated,Escalatory,Global,High,US Senate decisively votes down a War Powers resolution functionally endorsing the protracted military commitment.
2026-03-05,6,Early Attrition,Houthi leader Abdul-Malik al-Houthi,Proxy Leader,Iran-Axis,Yemen,Diplomatic,Statement of Solidarity with Iran - Conditional Threat,Escalatory,Regional,High,Houthi leader Abdul-Malik al-Houthi says his group stands with Iran and is prepared to take action if developments require it stating his hands are on the trigger whenever developments require it. Characterised as more of a political statement than a practical military commitment given the 2025 US-Houthi ceasefire.
2026-03-06,7,Early Attrition,President Pezeshkian,Head of State,Iran-Axis,Iran,Diplomatic,Ceasefire Statement - Ignored by IRGC,De-escalatory,Regional,High,Pezeshkian tells reporters Iran will stop striking neighbors unless an attack originates from their territory. IRGC ignores the statement and continues attacks - exposing fracture between political and military authority.
2026-03-06,7,Early Attrition,IRGC,Military Command,Iran-Axis,Iran,Diplomatic,Threat Against Financial Institutions,Escalatory,Global,Medium,IRGC warns of future retaliation against US or Israeli banks following strike on Bank Sepah branch in Tehran.
2026-03-06,7,Early Attrition,OPEC+,International Institution,International,International,Economic,Force Majeure Declaration,Escalatory,Global,High,OPEC+ formally declares force majeure on specific global oil deliveries due to sustained closure of Strait of Hormuz.
2026-03-06,7,Early Attrition,Iranian Red Crescent Society,State Institution,Iran-Axis,Iran,Governance,Official Civilian Infrastructure Damage Report,Neutral,Regional,High,Iranian Red Crescent reports 6668 civilian units targeted by US-Israeli strikes including 5535 residential units 1041 commercial units 14 medical centers 65 schools and 13 Red Crescent-affiliated centers.
2026-03-07,8,Early Attrition,WHO,International Institution,International,International,Diplomatic,Public Health Advisory,Neutral,Global,Medium,WHO issues sweeping public health advisories for the Persian Gulf and Central Asia following continued radiological fallout from Fordow nuclear facility breach.
2026-03-07,8,Early Attrition,Oman,State Government,Neutral,Oman,Diplomatic,Airspace Closure,De-escalatory,Regional,Medium,Oman indefinitely closes its airspace after stray munitions threaten commercial transit.
2026-03-08,9,Deep Attrition,Assembly of Experts,State Institution,Iran-Axis,Iran,Governance,Supreme Leader Election,Neutral,Global,High,Mojtaba Khamenei elected as Irans new Supreme Leader by the Assembly of Experts. IRGC and top Iranian leaders pledge allegiance. Trump calls him a lightweight and threatens he will not last long.
2026-03-08,9,Deep Attrition,People's Republic of China,State Government,Neutral,China,Diplomatic,Naval Task Force Deployment,Escalatory,Global,High,China formally deploys naval task force to Gulf of Oman under guise of non-combatant evacuation operations - introducing great-power dynamic into the maritime exclusion zone.
2026-03-08,9,Deep Attrition,European Union,International Institution,International,International,Diplomatic,Ultimatum on Nuclear Bombardment,De-escalatory,Global,High,European Union issues stark ultimatum demanding cessation of all counter-nuclear bombardment by the coalition.
2026-03-09,10,Deep Attrition,Ali Jafarian - Iran Deputy Minister of Health,Government Official,Iran-Axis,Iran,Governance,Official Casualty Report,Neutral,Regional,Medium,Deputy Minister of Health tells Al Jazeera more than 1255 people killed and over 12000 injured during nine days of war. Victims range from an 8-month-old to an 88-year-old. 200 women among those killed. 11 medical staff killed 55 injured.
2026-03-09,10,Deep Attrition,Jafar Miadfar - head of Iran National Emergency Organization,Government Official,Iran-Axis,Iran,Governance,Official Casualty Report,Neutral,Regional,Medium,Head of National Emergency Organization states 190 of those killed were under the age of 18. Among injured: 1402 women 700 under 18 60 under age five.
2026-03-10,11,Deep Attrition,Iran Ministry of Health,State Institution,Iran-Axis,Iran,Governance,Official Casualty Report,Neutral,Regional,Medium,Ministry of Health announces more than 15000 citizens injured since start of war. 87 health units 24 medical centers 21 emergency bases and 18 ambulances damaged.
2026-03-10,11,Deep Attrition,Mehrsoroush - Deputy for Training at Tehran Emergency Services,Government Official,Iran-Axis,Iran,Governance,Official Casualty Report,Neutral,Local,Medium,Since Day 1: 4309 injured 460 killed in Tehran. 18 ambulances and 18 emergency bases damaged.
2026-03-11,12,Deep Attrition,Tavakoli - head of Tehran Province Emergency Organization,Government Official,Iran-Axis,Iran,Governance,Official Casualty Report,Neutral,Local,Medium,Services provided to 4300 injured 3200 transferred to medical centers. 468 killed in Tehran. 50 colleagues injured one killed while on duty.
2026-03-11,12,Deep Attrition,Houthi forces,Proxy,Iran-Axis,Yemen,Diplomatic,Critical Targeting Error - Chinese Vessel,Escalatory,Global,High,Houthi ASBM strikes Chinese-flagged bulk carrier in Gulf of Aden - critical targeting error that fundamentally compromises Beijings stated neutrality.
2026-03-11,12,Deep Attrition,People's Republic of China,State Government,Neutral,China,Diplomatic,Economic and Diplomatic Threat to Tehran,Escalatory,Global,High,China issues severe diplomatic and economic threats directly at Tehran in response to Houthi strike on Chinese-flagged vessel.
2026-03-12,13,Deep Attrition,UNHCR,International Institution,International,International,Diplomatic,Displacement Report,Neutral,Global,High,UNHCR announces approximately 3.2 million people - 600000 to 1000000 households - temporarily displaced within Iran mostly from Tehran and major cities toward northern and rural areas. Afghan nationals described as particularly vulnerable.
2026-03-12,13,Deep Attrition,Peoples Liberation Army Navy,Military Command,Neutral,China,Military-Political,Freedom of Navigation Operations,Escalatory,Global,High,Chinas PLAN task force initiates aggressive freedom of navigation operations toward Bab el-Mandeb strait explicitly demanding cessation of all proxy maritime interdiction and warning coalition against strikes near Chinese assets.
2026-03-12,13,Deep Attrition,Israeli military,Military Command,US-Israel Coalition,Israel,Military-Political,Estimate of Iranian Military Casualties,Neutral,Regional,High,Israeli military estimates between 3000 and 4000 Iranian soldiers and commanders have been killed since the start of the war.
2026-03-13,14,Deep Attrition,Iranian security forces,State Institution,Iran-Axis,Iran,Domestic Politics,Mass Arrests,Escalatory,Local,High,At least 239 individuals arrested by Iranian security forces over 14 days many for filming explosions and sending footage to foreign media.
2026-03-13,14,Deep Attrition,IRGC Intelligence Organization,Military Command,Iran-Axis,Iran,Domestic Politics,Warning Against Protests,Escalatory,Local,High,IRGC Intelligence Organization issues official statement warning against street protests during wartime threatening a response more severe than the Dey protests and describing potential protesters as neo-ISIS.
2026-03-13,14,Deep Attrition,Iranian Red Crescent Society,State Institution,Iran-Axis,Iran,Governance,Official Damage Report,Neutral,Regional,Medium,Head of Iranian Red Crescent states 21720 civilian areas targeted. Nine hospitals rendered non-operational. 69 schools damaged. 12 healthcare personnel killed 78 injured.
2026-03-13,14,Deep Attrition,Iran Ministry of Health,State Institution,Iran-Axis,Iran,Governance,Official Casualty Report,Neutral,Regional,Medium,Ministry of Health announces approximately 15000 people injured during the conflict. No breakdown between civilian and military.
2026-03-13,14,Deep Attrition,Foundation of Martyrs and Veterans Affairs,State Institution,Iran-Axis,Iran,Governance,Official Casualty Report,Neutral,Regional,Medium,Foundation of Martyrs and Veterans Affairs reports at least 1230 people killed as of March 5. No breakdown between military and civilian.
2026-03-13,14,Deep Attrition,NetBlocks,International Institution,International,International,Governance,Internet Shutdown Report,Neutral,Global,High,NetBlocks reports Iranian internet at approximately 1 percent of normal levels - 312 consecutive hours of nationwide disruption. Citizens unable to receive critical safety updates or access independent information.
2026-03-13,14,Deep Attrition,Peoples Republic of China,State Government,Neutral,China,Diplomatic,Forced IRGC Proxy Operational Pause,De-escalatory,Global,High,Chinas ultimatum forces IRGC to initiate unprecedented theater-wide operational pause for its Yemeni and Iraqi proxy elements - first major external constraint on Irans proxy network.
2026-03-13,14,Deep Attrition,GCC led by Saudi Arabia,Regional Institution,Neutral,Regional,Diplomatic,Back-Channel Ceasefire Framework via Oman,De-escalatory,Regional,High,GCC led by Saudi Arabia initiates urgent back-channel ceasefire frameworks via Omani intermediaries reflecting deep regional anxiety over structural collapse of the Levant.
2026-03-14,15,Collapse,Head of Kurdistan Province Emergency Medical Services,Government Official,Iran-Axis,Iran,Governance,Official Casualty Report,Neutral,Local,Medium,States 112 people killed and 969 Kurdish citizens injured in Kurdistan Province. 27 individuals hospitalized in general wards 5 in ICU.
2026-03-14,15,Collapse,Donald Trump,Head of State,US-Israel Coalition,USA,Diplomatic,Call for Allied Naval Deployment,Escalatory,Global,High,Trump calls on UK France China South Korea and Japan to send warships to help secure the Strait of Hormuz.
2026-03-14,15,Collapse,USCYBERCOM,Military Command,US-Israel Coalition,USA,Military-Political,Offensive Cyber Operation - Iranian Power Grid,Escalatory,Regional,High,US Cyber Command executes massive offensive cyber operation successfully destabilizing the Iranian national power grid plunging critical military-industrial sectors into rolling blackouts.
2026-03-14,15,Collapse,GCC,Regional Institution,Neutral,Regional,Diplomatic,Binary Ultimatum to Iran,Escalatory,Regional,High,GCC presents Tehran with a binary ultimatum: accept comprehensive verifiable disarmament of its Levantine proxy network or face kinetic dismantlement of the remaining Iranian state apparatus.
2026-03-15,16,Collapse,GCC / Oman,Regional Institution,Neutral,Regional,Diplomatic,Phased De-escalation Framework - Muscat Talks,De-escalatory,Regional,High,High-stakes back-channel negotiations mediated by Oman in Muscat gain preliminary traction. GCC officials present phased de-escalation framework to Iranian diplomats.
2026-03-16,17,Collapse,US CENTCOM,Military Command,US-Israel Coalition,USA,Military-Political,Claim of 6000 Targets Struck,Neutral,Global,High,CENTCOM claims more than 6000 locations in Iran have been targeted by US warplanes since start of war.
2026-03-16,17,Collapse,Tavakoli - head of Tehran Emergency Services,Government Official,Iran-Axis,Iran,Governance,Official Casualty Report,Neutral,Local,Medium,States 5700 injured and 503 killed in Tehran since start of war.
2026-03-16,17,Collapse,Government spokesperson Mohajerani,Government Official,Iran-Axis,Iran,Governance,Official Casualty Report,Neutral,Regional,Medium,States 226 women killed and 3002 women injured in the war. Two pregnant mothers also killed.
2026-03-17,18,Collapse,Government spokesperson,Government Official,Iran-Axis,Iran,Governance,Official Casualty Report,Neutral,Regional,Medium,States 227 women killed and 3210 women injured. 18 healthcare defenders killed. 13 children under age five killed.
2026-03-17,18,Collapse,Israel,State Government,US-Israel Coalition,Israel,Governance,Larijani Killed,Escalatory,Regional,High,Ali Larijani head of Interim Leadership Council killed in Israeli airstrike confirmed by Iranian state media. Leaves Iran without functioning central leadership for the third time in the war.
2026-03-17,18,Collapse,Israel,State Government,US-Israel Coalition,Israel,Governance,Intelligence Minister Assassinated,Escalatory,Regional,High,Israel assassinates Iranian Intelligence Minister Esmail Khatib in airstrike. New Supreme Leader Mojtaba Khamenei declares Israel will pay for killing of three senior Iranian security officials in two days.
2026-03-17,18,Collapse,Iranian Foreign Ministry,State Institution,Iran-Axis,Iran,Diplomatic,Request for Ceasefire Extension,De-escalatory,Regional,High,Iranian Foreign Ministry formally requests 48-hour extension on the GCC disarmament ultimatum - signaling profound internal divisions between political establishment and battered IRGC remnants.
2026-03-17,18,Collapse,Iranian civilians,Civil Society,Iran-Axis,Iran,Domestic Politics,Mass Anti-Regime Riots,Escalatory,Regional,High,Mass anti-regime riots erupt across Tehran Isfahan and Mashhad as war turns against Iran. Crowds chant against IRGC and Supreme Leader. Security forces fire on protesters.
2026-03-17,18,Collapse,Hengaw Organization for Human Rights,Civil Society,Neutral,Iran,Governance,Independent Military Casualty Estimate,Neutral,Regional,Medium,Hengaw Organization for Human Rights estimates 5300+ members of Iranian military forces killed in the attacks - up from 1300+ on March 2 2100+ on March 4 3900+ on March 10 4400+ on March 14 and 4800+ on March 17.
2026-03-18,19,Collapse,Rogue IRGC units,Military Command,Iran-Axis,Iran,Military-Political,Ballistic Missile Strike Jerusalem Old City and Dimona,Escalatory,Global,High,Rogue IRGC units bypass caretaker government authority and launch ballistic missiles at Jerusalem Old City and Negev Nuclear Research Center near Dimona - most provocative single escalation of the war.
2026-03-18,19,Collapse,Vatican / Jordan / Saudi Arabia / Arab League,State and Religious Institutions,Neutral,International,Diplomatic,Condemnation of Jerusalem Strike,De-escalatory,Global,High,Vatican Jordan Saudi Arabia and Arab League immediately condemn IRGC ballistic missile strike on Jerusalem Old Citys UNESCO World Heritage sites.
2026-03-18,19,Collapse,Israel / USA,State Government,US-Israel Coalition,Israel / USA,Military-Political,Emergency Nuclear Contingency Consultations,Escalatory,Global,High,Israel and United States hold emergency consultations over nuclear contingency protocols following ballistic missile strike near Dimona nuclear research center.
2026-03-18,19,Collapse,Iranian Artesh vs IRGC,Military Command,Iran-Axis,Iran,Governance,Intra-Iranian Armed Clashes,Escalatory,Regional,High,Iranian political establishment enters open armed conflict with hardline IRGC elements in streets of Tehran. Artesh units deployed to restore order. First signs of institutional state collapse.
2026-03-18,19,Collapse,Donald Trump,Head of State,US-Israel Coalition,USA,Diplomatic,Qatar Warning - South Pars Threat,De-escalatory,Regional,High,Trump warns on Truth Social that the United States would massively blow up the entirety of the South Pars Gas Field if Iran attacked Qatar again. Iran appears to halt attacks on Qatar following this warning.
2026-03-18,19,Collapse,Qatar,State Government,Neutral,Qatar,Diplomatic,Condemnation of South Pars Strike,Escalatory,Regional,High,Qatar condemns Israeli strike on South Pars noting its North Dome field shares the same reservoir. Threatens diplomatic realignment within GCC framework.
2026-03-18,19,Collapse,Saudi Arabia / UAE,State Government,Neutral,Saudi Arabia / UAE,Economic,Energy Damage Assessment,Neutral,Global,High,Saudi Arabia and UAE announce energy infrastructure attacks have caused 180 billion dollars in economic damage. Emergency OPEC+ meeting called. Oil price reaches 147 dollars per barrel.
2026-03-19,20,Stabilization,Iranian Artesh - General Sabahifard,Military Command,Iran-Axis,Iran,Diplomatic,Ceasefire Acceptance via Oman,De-escalatory,Regional,High,Artesh commander General Sabahifard signs preliminary ceasefire with US-Israel coalition through Omani mediation. Effective end of major combat operations.
2026-03-19,20,Stabilization,Iranian transitional military council,Military Command,Iran-Axis,Iran,Governance,Request for International Humanitarian Assistance,De-escalatory,Global,High,Newly formed Iranian transitional military council requests emergency international humanitarian assistance and formally accepts GCC-brokered ceasefire framework.
2026-03-19,20,Stabilization,Donald Trump,Head of State,US-Israel Coalition,USA,Military-Political,War Objectives Achieved Declaration,Neutral,Global,High,Trump announces on Truth Social that the US has achieved its objectives weeks ahead of schedule. States Iran navy and air force are dead and signals transition to stabilization operations.
2026-03-19,20,Stabilization,Saudi Arabia,State Government,Neutral,Saudi Arabia,Diplomatic,Reserves Right to Military Action,Escalatory,Regional,High,Saudi FM states Iranian attacks on oil refineries were premeditated preplanned and well-organized. Saudi Arabia reserves the right to take military action.
2026-03-19,20,Stabilization,Deputy Security Governor of Lorestan,Government Official,Iran-Axis,Iran,Governance,Official Casualty Report,Neutral,Local,Medium,States 80 military and 64 civilians killed in Lorestan Province. 2427 injured total - 266 military 2161 civilian.
2026-03-19,20,Stabilization,Iran Ministry of Health,State Institution,Iran-Axis,Iran,Governance,Official Casualty Report,Neutral,Regional,Medium,Announces 1016 individuals currently hospitalized. 208073 people treated and discharged since start of war.
2026-03-20,21,Stabilization,Iranian Artesh high command,Military Command,Iran-Axis,Iran,Military-Political,Emergency WMD Stockpile Securing,De-escalatory,Global,High,Artesh high command initiates emergency communications with IAEA and coalition forces to secure vulnerable chemical and biological stockpiles. OPCW notified.
2026-03-20,21,Stabilization,Artesh,Military Command,Iran-Axis,Iran,Governance,Consolidation of Control Over Tehran,De-escalatory,Regional,High,Artesh successfully consolidates control over Tehran and systematically isolates rogue IRGC factions. First stable governance structure since Khameneis death.
2026-03-20,21,Stabilization,Israeli War Cabinet,State Government,US-Israel Coalition,Israel,Military-Political,Phased Demobilization of Reserve Divisions,De-escalatory,Regional,High,Israeli War Cabinet authorizes phased demobilization of select reserve divisions signaling de-escalation of the northern ground campaign.
2026-03-20,21,Stabilization,Donald Trump,Head of State,US-Israel Coalition,USA,Military-Political,Operation Epic Fury Offensive Phase Declared Complete,De-escalatory,Global,High,US President announces end of Operation Epic Fury offensive phase and immediate transition to Operation Sentinel Resolve - armed regional containment WMD non-proliferation enforcement and international peacekeeping.
2026-03-21,22,Stabilization,UN and IAEA inspection teams,International Institution,International,International,Diplomatic,Inspectors Arrive Under Artesh Escort,De-escalatory,Global,High,First UN and IAEA inspection teams arrive in Tehran under Artesh military escort gaining preliminary access to declared nuclear and chemical weapons storage sites - most significant transparency concession in the Islamic Republics history.
2026-03-21,22,Stabilization,Rogue IRGCN elements,Military Command,Iran-Axis,Iran,Military-Political,Holding Commercial Vessels Hostage in Hormuz,Escalatory,Global,High,Rogue IRGCN elements refusing to recognize transitional government hold 23 commercial vessels at anchorage in Strait of Hormuz demanding political guarantees for personal safety.
2026-03-21,22,Stabilization,Artesh,Military Command,Iran-Axis,Iran,Military-Political,Manzariyeh Chemical Weapons Depot Secured,De-escalatory,Global,High,Artesh completes seizure of Manzariyeh chemical weapons depot west of Tehran and transfers custody to IAEA inspectors - assessed as single greatest proliferation risk of the entire war.
2026-03-21,22,Stabilization,Iran,State Government,Iran-Axis,Iran,Military-Political,Claimed F-15 Shootdown over Hormuz Island,Escalatory,Regional,Medium,Iran claims to have shot down a US F-15 fighter jet over Hormuz Island using a SAM unit. Claim unconfirmed by US CENTCOM.
2026-03-21,22,Stabilization,Donald Trump,Head of State,US-Israel Coalition,USA,Diplomatic,48-Hour Hormuz Ultimatum,Escalatory,Global,High,Trump issues 48-hour ultimatum on Truth Social threatening to obliterate Iranian power plants if Strait of Hormuz is not fully reopened. Iranian transitional government states it does not control remaining rogue IRGC naval elements.
2026-03-22,23,Stabilization,Deputy for Security of Khuzestan Governorate,Government Official,Iran-Axis,Iran,Governance,Official Damage Report,Neutral,Local,Medium,States 589 impacts recorded in Khuzestan Province causing extensive damage to residential units commercial properties and service centers.
2026-03-22,23,Stabilization,Iran Ministry of Health,State Institution,Iran-Axis,Iran,Governance,Official Casualty Report,Neutral,Regional,Medium,Announces 970 individuals hospitalized. 13 children under five killed. 208 under-18 killed total. 7 hospitals evacuated. 36 ambulances damaged. 234 women killed 3600 women injured.
2026-03-22,23,Stabilization,Iranian interim government,State Government,Iran-Axis,Iran,Diplomatic,Energy Infrastructure Counter-Threat,Escalatory,Regional,High,Iranian interim government warns that if energy infrastructure is attacked all US and Israeli energy infrastructure and desalination plants in the region will be targeted.
2026-03-22,23,Stabilization,Donald Trump,Head of State,US-Israel Coalition,USA,Diplomatic,Postponement of Iranian Energy Infrastructure Strikes - Five Day Delay,De-escalatory,Global,High,Trump postpones threatened strikes against Iranian energy infrastructure and power plants for five days pending outcome of what he describes as talks with Iran to end the 24-day war. Tells reporters both sides are keen to make a deal and that there are already major points of agreement.
2026-03-23,24,Stabilization,Iran Ministry of Health,State Institution,Iran-Axis,Iran,Governance,Official Casualty Report,Neutral,Regional,Medium,Minister of Health states approximately 210 children killed so far. 1510+ injured under 18. 300 health medical and emergency centers damaged.
2026-03-23,24,Stabilization,Governor of Markazi Province,Government Official,Iran-Axis,Iran,Governance,Official Damage Report,Neutral,Local,Low,States 20+ industrial units and 900 residential homes damaged in the province. Workers of affected units to be covered by unemployment insurance and reconstruction beginning.
2026-03-23,24,Stabilization,Head of Tehran Province Emergency Center,Government Official,Iran-Axis,Iran,Governance,Official Casualty Report,Neutral,Local,Medium,States 6848 people injured in Tehran and 636 killed in Tehran since start of the war.
2026-03-24,25,Stabilization,Iranian President Pezeshkian,Head of State,Iran-Axis,Iran,Governance,SNSC Secretary Appointment,Neutral,Regional,High,Pezeshkian appoints Mohammad Bagher Zolghadr as Supreme National Security Council Secretary replacing Ali Larijani with Mojtaba Khameneis approval. Zolghadr is a hardline former IRGC deputy commander UN-sanctioned in 2007 for involvement in nuclear and missile programs.
2026-03-24,25,Stabilization,Donald Trump,Head of State,US-Israel Coalition,USA,Diplomatic,Confirmation of US-Iran Negotiations,De-escalatory,Global,High,Trump publicly confirms the United States is negotiating with Iran and states Iran would like to make a deal.
2026-03-24,25,Stabilization,USA / Egypt / Turkey / Pakistan,State Government,International,International,Diplomatic,High-Level Peace Talks Proposed for March 26,De-escalatory,Global,High,US and regional partners including Egypt Turkey and Pakistan discussed holding high-level peace talks with Iran on March 26 awaiting Irans response. Pakistans PM Shehbaz Sharif states Pakistan would be willing to host the talks.
2026-03-24,25,Stabilization,Iranian source via CNN,Government Official,Iran-Axis,Iran,Diplomatic,Iran Denies Full Negotiations,Neutral,Global,High,Iranian source tells CNN the United States reached out via various intermediaries but states there have not been full-on negotiations between the two sides.
2026-03-24,25,Stabilization,Three senior Iranian sources via Reuters,Government Official,Iran-Axis,Iran,Diplomatic,Iran Hardening Position in Talks,Escalatory,Global,High,Three senior Iranian sources tell Reuters Iran is hardening its position - demanding guarantees against future military action compensation for wartime losses formal control of the Strait of Hormuz and no limits on its ballistic missile program.
2026-03-24,25,Stabilization,Lebanese Foreign Ministry,State Government,Neutral,Lebanon,Diplomatic,Iranian Ambassador Expelled,Escalatory,Regional,High,Lebanese Foreign Ministry withdraws accreditation from Iranian Ambassador Mohammad Reza Sheibani declaring him persona non grata and demanding he leave Lebanon.
2026-03-24,25,Stabilization,Hezbollah,Proxy,Iran-Axis,Lebanon,Domestic Politics,Condemnation of Ambassador Expulsion,Escalatory,Regional,High,Hezbollah condemns Lebanese Foreign Ministrys expulsion of Iranian ambassador calling it a coup against Hezbollah and warning it opens the doors to internal division and national rift.
2026-03-24,25,Stabilization,Ministry of Education,State Institution,Iran-Axis,Iran,Governance,Official Education Damage Report,Neutral,Regional,Medium,Announces 230 students and teachers killed 177 injured and more than 600 educational and cultural facilities destroyed since start of the war.
2026-03-24,25,Stabilization,Deputy for Security of Khuzestan,Government Official,Iran-Axis,Iran,Governance,Official Casualty Report,Neutral,Local,Medium,States 950 people injured in Khuzestan Province and 25 civilians killed since start of the war. Youngest victim was a 2.5-year-old child oldest a 70-year-old woman.
2026-03-24,25,Stabilization,Iran,State Government,Iran-Axis,Iran,Economic,Toll Collection on Hormuz Transit,Escalatory,Global,High,Iran requiring vessels to pay a fee - reported at approximately 2 million dollars in one case - to transit the Strait of Hormuz via a Tehran-approved route past Larak Island. Over 20 vessels have taken this route since the war began.
2026-03-24,25,Stabilization,US administration via Pakistan,State Government,US-Israel Coalition,USA,Diplomatic,US 15-Point Ceasefire Plan Delivered to Iran,De-escalatory,Global,High,US sends Iran a 15-point ceasefire plan via Pakistan. Key demands: 30-day ceasefire; dismantling of Natanz Isfahan and Fordow nuclear facilities; permanent commitment to never develop nuclear weapons; handover of enriched uranium stockpile to IAEA; no uranium enrichment in Iran; limits on missile range and numbers; ending support for regional proxies; ending strikes on regional energy facilities; reopening of Strait of Hormuz; removal of all sanctions; and US support for electricity generation at Bushehr civil nuclear plant.
2026-03-24,25,Stabilization,Iranian senior political-security official via Press TV,Government Official,Iran-Axis,Iran,Diplomatic,Iran Rejects US 15-Point Plan - Issues 5-Point Counter-Offer,Escalatory,Global,High,Iranian senior political-security official rejects Trumps 15-point plan and vows to continue heavy blows until Irans own conditions are met. Irans five-point counter-offer demands control over the Strait of Hormuz - described as a likely non-starter for the US.
2026-03-24,25,Stabilization,Iranian military spokesperson,Military Command,Iran-Axis,Iran,Diplomatic,Iran States US is Negotiating With Itself,Escalatory,Global,High,Iranian military spokesperson states the US is negotiating with itself and that Iran will never make a deal under current conditions. Iran officially denies direct negotiations are taking place.
2026-03-24,25,Stabilization,Israeli military officials via NPR,Military Command,US-Israel Coalition,Israel,Military-Political,IDF Requires Several More Weeks to Complete War Goals,Escalatory,Global,High,Israeli military officials tell NPR the IDF would need several more weeks of fighting to complete its war goals in Iran despite US ceasefire efforts - creating a visible US-Israel tension over war timeline.
2026-03-24,25,Stabilization,Benjamin Netanyahu,Head of Government,US-Israel Coalition,Israel,Diplomatic,Netanyahu Acknowledges Trump Diplomacy Without Endorsing It,Neutral,Global,High,Netanyahu acknowledges Trumps diplomatic efforts but does not say whether he supports them. States Trump believes there is an opportunity to leverage tremendous achievements to realize war goals through an agreement that safeguards vital interests.
2026-03-24,25,Stabilization,Israel - political and security leadership,State Government,US-Israel Coalition,Israel,Diplomatic,Israel Fears Premature Ceasefire Framework,Escalatory,Global,High,Israel fears Trump is pushing for a premature framework agreement in principle with Iran before precise terms are agreed - risking a situation in which Iran emerges with the upper hand with the conflict ending before war goals are fully achieved.
2026-03-24,25,Stabilization,US Army 82nd Airborne Division,Military Command,US-Israel Coalition,USA,Military-Political,2000-3000 Paratroopers Ordered to Deploy to Middle East,Escalatory,Global,High,Between 2000 and 3000 US Army paratroopers from the 82nd Airborne Division Immediate Response Force receive written orders to deploy to the Middle East simultaneously with ceasefire talks - signaling the US is keeping military pressure on while pursuing diplomacy.
2026-03-24,25,Stabilization,Iran,State Government,Iran-Axis,Iran,Diplomatic,Iran Selectively Allowing Neutral Ships Through Strait of Hormuz,Escalatory,Global,High,Iran waving through ships from Pakistan and India in the Strait of Hormuz. China and Iraq in negotiations with Iranian authorities for safe passage of their ships - Iran using selective access as a geopolitical lever.
2026-02-27,0,,USA,,,USA,,Diplomatic/Political,,,,US Secretary of State Rubio issues classified memorandum ordering all US Chiefs of Mission and ambassadors globally to avoid inflammatory commentary on Middle East. OPSEC measure designed to prevent preemptive Iranian retaliatory mobilization before strikes begin.
2026-02-27,0,,USA,,,USA,,Diplomatic/Political,,,,US Navy ordnancemen commence large-scale preparation of precision-guided munitions aboard USS Abraham Lincoln (CVN 72) in Arabian Sea. Carrier strike group arming F/A-18 Super Hornet wings in final preparation for Operation Epic Fury.
2026-03-08,9,,Iran,,,Iran,,Diplomatic/Political,,,,Mojtaba Khamenei elected as Iran's new Supreme Leader on 8 March by Assembly of Experts. IRGC and top Iranian leaders pledge allegiance. Trump calls him lightweight and threatens he will not last long
2026-03-16,17,,Iran-backed militia,,,Iraq,,Diplomatic/Political,,,,Kata'ib Hezbollah announces death of senior commander Abu Ali al-Askari reportedly killed in Baghdad
2026-03-17,18,,Iran,,,Iran,,Diplomatic/Political,,,,Mass anti-regime riots break out in Tehran Isfahan and Mashhad as war turns against Iran. Crowds chant against IRGC and Supreme Leader. Security forces fire on protesters. Iran requests 48-hour GCC ceasefire extension — rejected.
2026-03-17,18,,GCC,,,Oman,,Diplomatic/Political,,,,GCC ceasefire ultimatum delivered to Iranian interim government — 48 hours to stand down all forces or face direct GCC military intervention. Qatar and Saudi Arabia place forces on highest alert. Oman serves as mediator channel.
2026-03-18,19,,GCC,,,Oman,,Diplomatic/Political,,,,GCC ceasefire ultimatum expires without unified Iranian response. Qatar and Saudi Arabia authorize military action but defer to coalition. Coalition agrees to 24-hour extension at Oman request to allow Artesh faction to consolidate control.
2026-03-18,19,,Iran (Artesh),,,Iran,,Diplomatic/Political,,,,Artesh commander General Alireza Sabahifard contacts GCC through Oman channel accepting ceasefire terms. IRGC Supreme Council refuses to recognise Artesh authority. Dual power structure emerges — Artesh controls Tehran IRGC controls Bandar Abbas and southern provinces.
2026-03-19,20,,Iran (Artesh),,,Iran,,Diplomatic/Political,,,,Iranian state formally collapses as IRGC Supreme Council dissolves under pressure of internal revolts and military defeat. Artesh assumes de facto governance authority. Mojtaba Khamenei flees Tehran to undisclosed location in eastern Iran.
2026-03-19,20,,Donald Trump,,,USA,,Diplomatic/Political,,,,Trump announces US has achieved objectives weeks ahead of schedule on Truth Social. States Iran navy and air force are dead and Iran is blown off the map. Signals transition from offensive to stabilization operations. Criticism of media coverage.
2026-03-20,21,,USA,,,USA,,Diplomatic/Political,,,,IDF officially halts offensive advances into Iran. Coalition declares 72-hour ceasefire formalized. Trump administration begins planning drawdown of offensive assets while maintaining naval presence. Operation Epic Fury offensive phase declared complete.
2026-03-20,21,,Iran (Artesh),,,Iran,,Diplomatic/Political,,,,Iranian Artesh-controlled interim government formally requests UN Security Council recognition as legitimate governing authority. Russia and China abstain on preliminary resolution. US France and UK vote in favor of establishing UN monitoring mission.
2026-03-20,21,,International,,,Switzerland,,Diplomatic/Political,,,,Emergency international conference convenes to address humanitarian crisis. ICRC reports 1.4 million Iranian civilians displaced. 2.1 million Lebanese displaced. Iran civilian death toll estimated at 3400-4200. Lebanon civilian death toll estimated at 1100-1500.
2026-03-21,22,,International,,,Iran,,Diplomatic/Political,,,,UN stabilization monitors and IAEA weapons inspectors land at Mehrabad International Airport escorted by Iranian Artesh. Mandate to inventory and dismantle Iran residual nuclear enrichment infrastructure and chemical weapons stockpiles. Unprecedented international intervention placing Iranian military-industrial complex under global receivership.
2026-03-21,22,,Israel,,,Israel,,Diplomatic/Political,,,,Israeli War Cabinet formally declares conclusion of major offensive maneuver operations in Lebanon. Complete operational dismantlement of Hezbollah centralized command asserted. IDF mandate transitions from dynamic warfare to prolonged territorial occupation and counter-insurgency.
2026-03-21,22,,International,,,Switzerland,,Diplomatic/Political,,,,EU and GCC emergency donor conference convenes to address devastation in Lebanon and Syria. World Bank assessment: hundreds of billions needed to restore water sanitation and electrical grid to Beirut. Aid conditioned on UN peacekeeping presence and exclusion of Hezbollah-affiliated entities.
2026-03-21,22,,Iraq,,,Iraq,,Diplomatic/Political,,,,Iraqi Civil Aviation Authority extends nationwide airspace closure indefinitely grounding all commercial transit. Facilitates CENTCOM SEAD mop-up operations hunting mobile launch vehicles and munitions caches in western Iraq.
2026-03-22,23,,Iran (Artesh),,,Iran,,Diplomatic/Political,,,,Iranian interim government warns if energy infrastructure is attacked all US and Israeli energy infrastructure and desalination plants in region will be targeted. Statement by Artesh-aligned military spokesperson. Signals Iran retains second-strike threat despite military defeat.
2026-03-05,6,,Qatar,,,Qatar,,Other,,,,QatarEnergy formally declares force majeure on gas exports after LNG facilities hit. Gas liquefaction shut down. Satellite imagery later shows Ras Laffan facility undamaged before unprecedented shutdown
2026-03-06,7,,Azerbaijan security forces,,,Azerbaijan,,Other,,,,Alleged Iranian-linked terrorist plot against Baku-Tbilisi-Ceyhan pipeline Israeli embassy and Baku synagogues prevented. Trial begins — accused identified as IRGC cell and Islamic State Vilayati-Khorasan
2026-03-08,9,,Kuwait,,,Kuwait,,Other,,,,National Guard soldier dies from health-related incident in Kuwait on 8 March. Former NYPD officer. US death toll reaches 7
2026-03-22,23,Active War,Iran Foreign Ministry,State Government,Iran,Iran,Diplomatic,Iran Denies Productive Negotiations — Calls Trump Deceitful,De-escalatory,Global,High,"Iran's Foreign Ministry publicly contradicted President Trump's claim of 'productive' ceasefire negotiations on Day 23, stating that there will be no negotiations with the United States until Iran's war objectives have been fully achieved. The ministry called Trump 'deceitful' and dismissed his statements about progress in talks as a political performance designed to manage US domestic opinion and manipulate global energy markets. This direct and unusually blunt public contradiction of a sitting US president signaled that whatever back-channel communications existed were far from constituting real negotiations, and that Tehran was unwilling to provide Trump with a public diplomatic victory while US and Israeli strikes continued on Iranian territory. The statement hardened Iran's position and complicated any near-term path to de-escalation."
2026-03-22,23,Active War,IRGC / Basij,Security Forces,Iran,Iran,Internal Security,Basij Overnight Security Crackdown — Patrols and Checkpoints Nationwide,Neutral,National,Medium,"Eyewitnesses across multiple Iranian cities reported on Day 23 that Basij paramilitary forces and security personnel had established overnight patrols and security checkpoints throughout the country. The deployment was interpreted as a precautionary measure against potential civil unrest or anti-government protests taking advantage of the regime's weakened state following 23 days of US-Israeli strikes. The Islamic Republic had faced its largest protests since the 1979 revolution in January 2026 prior to the war, with an estimated 5 million Iranians taking to the streets. The regime appeared acutely aware that the ongoing destruction of its military and economic infrastructure could reignite domestic opposition, and the Basij deployment represented a clear signal that the government intended to suppress any internal challenge regardless of the military pressure it faced externally."
2026-03-24,25,Active War,IRGC Navy,Military,Iran,Iran,Military-Political,Iran Claims Qader Cruise Missile Strike on USS Abraham Lincoln — Ship Unharmed,Escalatory,Regional,High,"Iran's IRGC claimed on Day 25 that it had fired Qader anti-ship cruise missiles at the USS Abraham Lincoln, the US Navy aircraft carrier operating in the Arabian Sea as part of Operation Epic Fury. US Central Command categorically denied the claim, stating that the carrier was not struck and had suffered no damage. The USS Abraham Lincoln had been a central asset in US strikes on Iran since the opening day of the war on February 28. Iran's claim, even if unverified, carried significant strategic messaging value — signaling that Iran was still capable and willing to threaten the most powerful symbol of US naval projection in the region. The incident highlighted the persistent information warfare dimension of the conflict, with both sides contesting narratives about battlefield outcomes in parallel with the physical fighting."
2026-03-24,25,Active War,Iran,State Government,Iran,Iran,Military-Political,Iranian Missile Intercepted Over Jordan — Debris Falls Near Amman Capital,Escalatory,Regional,High,"An Iranian ballistic missile was intercepted over Jordanian airspace on Day 25 with missile debris falling near the Jordanian capital Amman. The intercept marked a significant geographic escalation of Iran's missile campaign beyond its primary targets. Jordan, which had largely attempted to remain neutral in the conflict despite US pressure and the presence of US military assets in the country including at King Faisal Air Base and Muwaffaq Salti Air Base, found itself directly drawn into the blast radius of Iranian fire. The incident raised concerns in Amman about Jordan's continued ability to stay outside the direct combat envelope and increased domestic pressure on the Jordanian government over its alignment with the US-Israel coalition. Jordan had previously intercepted Iranian missiles transiting its airspace but this was among the closest incidents to the capital since the war began."
2026-03-25,26,Active War,Emmanuel Macron,Head of State,Neutral/Mediator,France,Diplomatic,Macron-Pezeshkian Call — De-escalation Framework Demand and French Hostage Request,De-escalatory,Global,High,"French President Emmanuel Macron held a direct telephone call with Iranian President Masoud Pezeshkian on Day 26 — one of the highest-level Western diplomatic contacts with Tehran since the war began. Macron used the call to press three demands: first, an immediate and unconditional end to Iranian missile and drone attacks targeting countries across the region including the UAE Kuwait Saudi Arabia and Bahrain; second, the preservation of energy infrastructure and civilian facilities which Iran had been systematically threatening in retaliation for US-Israeli strikes on its own power and industrial plants; and third, the restoration of freedom of navigation in the Strait of Hormuz which Iran had declared closed since Day 1. Macron also called on Iran to engage in genuine good-faith negotiations to address the international community's concerns regarding Iran's nuclear program ballistic missile capabilities and regional destabilization activities. On a personal note Macron raised the cases of French citizens Cecile Kohler and Jacques Paris held in Iran and urged their immediate release. The French Foreign Ministry confirmed the call and framed France as a key European diplomatic interlocutor — a role France had been positioning itself for since the outbreak of hostilities given its historical ties to both sides and its status as a permanent UN Security Council member."
2026-03-25,26,Active War,Wang Yi,Government Official,Neutral,China,Diplomatic,Wang Yi-Araghchi Call — China Pushes Dialogue Over Force on Nuclear Issue,De-escalatory,Global,High,"Chinese Foreign Minister Wang Yi held a phone call with Iranian Foreign Minister Abbas Araghchi on Day 26 to discuss the rapidly deteriorating regional situation. China, which had maintained a position of studied neutrality since the war began on February 28 while its commercial and energy interests were severely disrupted by the Strait of Hormuz closure, used the call to reinforce its position that the Iranian nuclear issue must be resolved exclusively through dialogue and diplomacy and should not serve as a justification for the use of military force. Wang Yi also stated separately that China was in active contact with all parties regarding the Strait of Hormuz situation — a signal that Beijing was quietly working to broker some form of maritime arrangement that would protect Chinese shipping interests. China had been particularly affected by the Hormuz closure given that the vast majority of its Gulf oil imports transited the strait. The call was part of a broader Chinese diplomatic effort to position itself as a stabilizing force and responsible great power in contrast to what Beijing characterized as destabilizing US unilateralism."
2026-03-25,26,Active War,Iran,State Government,Iran,Iran,Diplomatic,Iran Bars Witkoff and Kushner as Negotiators — Demands Direct Contact with JD Vance Only,Escalatory,Global,High,In a significant diplomatic signal on Day 26 Iran informed the United States through intermediaries that it would not accept Steve Witkoff or Jared Kushner as legitimate interlocutors in any ceasefire or nuclear negotiations. Iran specified that it would only engage directly with US Vice President JD Vance as a sufficiently senior and credible representative of the Trump administration. This demand reflected Iran's deep distrust of Witkoff and Kushner — both of whom had been involved in previous nuclear talks and whom Tehran accused of misrepresenting Iran's negotiating positions. Iranian officials had previously stated that Witkoff had undermined earlier talks by falsely characterizing Iran's offer to temporarily suspend uranium enrichment. By demanding Vance specifically Iran was raising the diplomatic threshold for any talks to the highest level short of direct presidential engagement while simultaneously signaling a willingness to negotiate if its conditions were met. The Wall Street Journal confirmed that Tehran had informed mediators of its deep suspicions toward Washington and that the pathway to any talks remained extremely narrow.
2026-03-25,26,Active War,Pakistan / Iran / USA,State Government,Neutral/Mediator,Pakistan,Diplomatic,Back-Channel Iran-US Meeting Confirmed for Islamabad — First Direct Contact Framework,De-escalatory,Global,Critical,"Senior Israeli official Barak Ravid confirmed on Day 26 that talks were actively underway to arrange a meeting between senior Iranian and American officials in Pakistan's capital Islamabad later in the week. This represented the first confirmed framework for direct high-level contact between Tehran and Washington since the war began 26 days earlier. Pakistan had emerged as the key intermediary — a role it was uniquely positioned to play given its longstanding relationships with both Iran and the United States, its Muslim-majority population which gave it credibility with Tehran, and its status as a nuclear power that understood the stakes of the conflict. A senior Iranian official had separately confirmed to Reuters that Iran had reviewed the American proposal delivered through Pakistan, suggesting that substantive ceasefire terms were already being discussed even as both sides publicly maintained maximalist positions. The confirmation of the Islamabad framework was the most significant diplomatic development since the war began and was carefully watched by regional and global powers as a potential turning point."
2026-03-25,26,Active War,Donald Trump,Head of State,US-Israel Coalition,USA,Diplomatic,Trump Claims Iran 'Begging' for Peace — Dismisses Iranian Government Denials as Fear of Own People,Escalatory,Global,High,President Trump made a series of statements on Day 26 claiming that Iran's leadership was 'begging' for a peace deal and that the Iranian government's public denials of ongoing negotiations were driven by fear of their own population rather than a genuine absence of talks. Trump suggested that Iranian negotiators did not go public about any discussions because they feared the domestic political consequences of being seen to negotiate with the United States while the country was under bombardment. He characterized the Iranian government's public statements as false and contradicted them with his own assertions about the state of diplomacy. Trump's comments created significant confusion about the actual status of ceasefire talks as Iranian officials simultaneously and categorically denied any negotiations were occurring. The divergence between Trump's public claims of progress and Iran's public denials of any talks became a defining feature of the information environment around potential war termination efforts.
2026-03-25,26,Active War,IRGC,Military,Iran,Iran,Military-Political,IRGC 'For Iran' Initiative — Children Aged 12 and Over Recruited into Security Roles,Escalatory,National,High,IRGC official Rahim Nadali announced on Day 26 the launch of the 'For Iran' initiative which would allow children as young as 12 years old to be recruited into the IRGC in security-related roles. The announcement represented a dramatic escalation of Iranian domestic mobilization efforts and raised immediate international concern given the use of child soldiers in a military context. The initiative reflected the IRGC's acute need for manpower after 26 days of sustained US-Israeli strikes had killed thousands of military personnel including numerous senior commanders. Human rights organizations immediately condemned the announcement as a violation of international humanitarian law governing the protection of children in armed conflict. The move also signaled the regime's intent to deeply embed the IRGC within Iranian society at the grassroots level — using the crisis to build loyalty and dependence among the next generation while simultaneously addressing its personnel shortfall.
2026-03-25,26,Active War,Bellingcat / USA,International Organization,Neutral,USA / Iran,Military-Political,Bellingcat Confirms US Deployed BLU-91/B Scatterable Antitank Landmines Near Shiraz — First US Mine Use Since 1991 Gulf War,Escalatory,Global,Critical,Open-source investigative journalism group Bellingcat published findings on Day 26 confirming that the United States had apparently deployed BLU-91/B antitank landmines from a GATOR scatterable mine system over the village of Kafari near the southern Iranian city of Shiraz in the early morning hours. The confirmation was based on photographs and videos posted by Iranian state broadcaster IRIB semi-official Tasnim News Agency and Canadian independent journalist Dimitri Lascaris who toured the area. The landmines displayed aeroballistic adapters indicating they had been delivered by an aircraft-dropped dispenser. Tasnim reported multiple casualties from the mines and published images showing a bloodstain where witnesses said a 31-year-old father had been killed after picking up one of the mines. The GATOR system was last used by the United States in the 1991 Gulf War and the deployment represented the first use of US scatterable antitank landmines in conflict since a single incident in Afghanistan in 2002. No party in the conflict other than the United States was known to possess the GATOR system. The mines appeared to have been deployed to prevent vehicle access to Shiraz South Missile Base located approximately two kilometers away. The disclosure was deeply controversial internationally given US commitments to limiting landmine use and raised immediate questions about the rules of engagement governing Operation Epic Fury.
2026-03-25,26,Active War,IDF / Hezbollah,Military,US-Israel Coalition,Israel / Lebanon,Military-Political,2 IDF Golani Brigade Soldiers Killed in Lebanon — Total Israeli Lebanon War Dead Reaches 4,Neutral,Regional,Medium,Two Israeli Defense Forces soldiers from the elite Golani Brigade were killed in clashes with Hezbollah fighters in southern Lebanon on Day 26 bringing the total number of Israeli soldiers killed in the 2026 Lebanon war to four. The Golani Brigade had been at the forefront of the Israeli ground invasion of southern Lebanon that began on March 3 with the objective of establishing a security buffer zone for Israeli northern settlements and dismantling Hezbollah's remaining command and logistical infrastructure in the border area. Israel had launched the ground invasion after declaring that Hezbollah's rocket campaign against northern Israel following the killing of Supreme Leader Khamenei constituted an official declaration of war. The combat deaths underscored the ongoing intensity of the Lebanon front even as the dominant media and military focus remained on the air campaign against Iran.
2026-03-26,27,Active War,Donald Trump,Head of State,US-Israel Coalition,USA,Diplomatic,Trump Declares War Won — Claims Iran Agreed to No Nuclear Weapons and Made Energy Concession,De-escalatory,Global,Critical,President Trump made a series of sweeping statements on Day 27 claiming that the United States had effectively won the war against Iran. Trump stated that Iran's naval air and missile capabilities had been destroyed and that Tehran now wanted a deal. He claimed that Iran had agreed to never possess a nuclear weapon — a formulation that fell short of the permanent zero-enrichment demand that had been the US opening position but which Trump presented as a significant Iranian concession. Trump also stated that Iran had made a major energy-related concession to the United States connected to the Strait of Hormuz describing it as 'a very big present worth a tremendous amount of money' and 'a very significant prize' though he provided no specific details. Trump stated that discussions with Iran had begun on Saturday night and that the Strait of Hormuz would be opened very quickly if an agreement was reached. The statements created immediate analytical confusion as they were simultaneously denied by Iranian officials and partially contradicted by ongoing military activity on both sides including continued Iranian missile strikes on Gulf states and US allies. Trump's declaration of victory was widely interpreted as an attempt to manage US domestic opinion and create conditions for war termination without explicitly acknowledging the absence of a formal agreement.
2026-03-26,27,Active War,Mohammed bin Salman,Head of State,US-Israel Coalition,Saudi Arabia,Diplomatic,MBS Lobbying Trump to Continue War — Describes Campaign as Historic Opportunity to Remake Middle East,Escalatory,Global,Critical,The New York Times reported on Day 27 citing multiple sources that Saudi Crown Prince Mohammed bin Salman had been actively and persistently lobbying President Trump to continue and intensify the military campaign against Iran. MBS reportedly argued to Trump that the war presented a once-in-a-generation historic opportunity to fundamentally remake the Middle East by permanently neutralizing Iranian military power and its network of regional proxies. This reporting was significant for several reasons. Saudi Arabia had publicly called for diplomatic solutions and de-escalation while simultaneously its most powerful leader was privately encouraging the very military escalation that was damaging Gulf states including Saudi Arabia itself. The revelation explained Trump's reluctance to seriously pursue ceasefire options even as US military costs mounted and Gulf allies faced ongoing Iranian strikes. It also placed MBS in the curious position of urging the continuation of a war that was killing Saudi citizens and damaging Saudi infrastructure while his own government publicly condemned Iranian aggression. Saudi Arabia denied the report.
2026-03-26,27,Active War,Sheikh Mohammed bin Zayed,Head of State,US-Israel Coalition,UAE,Diplomatic,MBZ Statement — UAE Fully Prepared to Confront All Threats and Reserves Full Right to Self-Defense,Escalatory,Regional,High,UAE President Sheikh Mohammed bin Zayed Al Nahyan issued a formal public statement on Day 27 declaring that the United Arab Emirates was fully prepared to confront all threats and explicitly reserved its full right to self-defense as guaranteed under international law. The statement came as UAE air defenses intercepted six ballistic missiles and nine drones from Iran on Day 27 alone bringing the cumulative total of Iranian ballistic missiles intercepted by UAE air defenses to 378 since the start of the war. The statement was among the most direct and assertive public declarations of military intent from any Gulf state since the war began and reflected growing UAE frustration at the ongoing Iranian attacks on its territory civilians and infrastructure. The UAE had previously been more cautious in its public messaging preferring to allow its military actions speak for themselves while working through diplomatic channels. MBZ's statement signaled a potential shift toward a more active UAE military posture and was interpreted by analysts as a warning to Iran that continued attacks on UAE territory could provoke a direct UAE military response.
2026-03-26,27,Active War,Volodymyr Zelenskyy / MBZ,Head of State,Neutral,Ukraine / UAE,Diplomatic,Zelenskyy Meets UAE President — Reiterates Condemnation of Iranian Attacks on UAE and Region,De-escalatory,Regional,Medium,Ukrainian President Volodymyr Zelenskyy met with UAE President Sheikh Mohammed bin Zayed Al Nahyan on Day 27 and used the occasion to reiterate Ukraine's condemnation of Iranian attacks that continued to target the UAE and several other countries in the region. Zelenskyy's meeting was notable for several reasons. Ukraine had been a somewhat unexpected supporter of the US-Israeli campaign against Iran — a stance driven partly by the fact that Iran had been supplying Russia with Shahed drones used in attacks on Ukrainian cities and infrastructure. For Zelenskyy Iran was not only an adversary of the US and Israel but a direct supplier of weapons killing Ukrainian civilians. The UAE meeting allowed Zelenskyy to reinforce Ukraine's alignment with the Gulf states on the question of Iranian aggression while simultaneously strengthening bilateral UAE-Ukraine ties. The UAE had been an important economic and diplomatic hub for Ukraine given its relatively neutral international position and its connections to both Western and non-Western capitals.
2026-03-26,27,Active War,Recep Tayyip Erdogan,Head of State,Neutral/Mediator,Turkey,Diplomatic,Erdogan Statement — War Is Israel's War But Muslims Are Paying the Price; Netanyahu Targeting Lebanon,De-escalatory,Regional,High,Turkish President Recep Tayyip Erdogan issued a formal statement on Day 27 characterizing the conflict as Israel's war while emphasizing that it was first Muslims and then all of humanity who were paying the heavy price for the fighting. Erdogan specifically condemned Israeli Prime Minister Netanyahu stating that his government was not only targeting Iran but was also implementing plans to occupy Lebanon step by step under the cover of the war. Erdogan's statement reflected Turkey's delicate and distinctive position in the conflict — a NATO member that had intercepted Iranian missiles passing through its airspace on three occasions while simultaneously refusing to join US military operations against Iran and positioning itself as a potential mediator. Iran's President Pezeshkian had separately praised Erdogan's positions as commendable and had spoken warmly of Turkey-Iran solidarity. Erdogan's public criticism of Netanyahu and his framing of the war as fundamentally an Israeli project rather than a legitimate US security operation was notable given Turkey's NATO membership and was consistent with Turkey's broader post-2023 positioning as a power that maintained relationships with multiple sides of the conflict simultaneously.
2026-03-26,27,Active War,Iran / IRGC Navy,State Government,Iran,Iran,Diplomatic,Iran Blocks Chinese Ships in Strait of Hormuz — Formalizes Transit Fee System for Permitted Vessels,Escalatory,Global,Critical,Iran reported on Day 27 that IRGC Navy forces had successfully blocked two Chinese commercial vessels which were attempting to enter the Strait of Hormuz without prior authorization and turned them back with warnings. The IRGC Navy simultaneously moved to formalize a fee-based transit system for ships seeking permission to pass through the strait with Iran effectively attempting to convert its military closure of the world's most critical oil chokepoint into a permanent revenue-generating maritime control regime. Iran also announced that ships belonging to allies and supporters of the US-Israel coalition were prohibited from transiting the strait regardless of fees. The blocking of Chinese ships was diplomatically sensitive given China's position as a major Iranian trading partner and the ongoing Wang Yi-Araghchi diplomatic contacts. Chinese Foreign Minister Wang Yi had already stated China was in contact with all parties on the Hormuz situation. The fee formalization reflected Iran's attempt to transform a temporary military closure into a structural change in Hormuz governance that would persist beyond any ceasefire.
2026-03-26,27,Active War,Taiwan Government,State Government,Neutral,Taiwan,Economic,Taiwan Declares National Energy Emergency — 11 Days of LNG Reserves Remaining,Escalatory,Global,High,Taiwan's government declared a national energy emergency on Day 27 citing the existential risks to its fuel supply created by the ongoing Middle East war and Iran's closure of the Strait of Hormuz. Taiwanese officials disclosed that the island had approximately 11 days of liquefied natural gas reserves remaining — a critically limited buffer that had become acute after Iranian disruption of shipping through the Strait of Hormuz cut off key LNG supplies from Qatar. Taiwan relies heavily on LNG to power its electricity grid and semiconductor manufacturing industry which produces the majority of the world's most advanced computer chips. Taiwanese authorities warned that any prolonged disruption could force energy rationing and directly threaten chip production with cascading consequences for global technology supply chains. The declaration highlighted how the war was creating second and third order economic crises far beyond the immediate battlefield affecting some of the world's most strategically important industries.
2026-03-26,27,Active War,Philippine Government,State Government,Neutral,Philippines,Economic,Philippines Declares National Energy Emergency Citing Middle East War Supply Risks,Escalatory,Global,High,Philippine President Ferdinand Marcos Jr. declared a national energy emergency on Day 27 citing the direct risks to the Philippines' fuel supply created by the Middle East war. The Philippines like most Southeast Asian nations imports the vast majority of its energy from Gulf producers whose exports were being severely disrupted by Iranian actions in the Strait of Hormuz and the broader destabilization of Gulf energy infrastructure. The Philippines was particularly vulnerable given its limited strategic petroleum reserves and its dependence on imported oil and LNG for electricity generation and transportation. The declaration allowed the Philippine government to activate emergency energy management measures including rationing protocols and expedited procurement from alternative suppliers. The Philippines joined Taiwan as the second Asian nation to formally declare an energy emergency connected to the war reflecting the escalating global economic fallout from what the head of the International Energy Agency had described as the greatest global energy security challenge in history.
2026-03-26,27,Active War,Israel Katz,Government Official,US-Israel Coalition,Israel,Military-Political,Katz Vows to Intensify and Expand Israeli Attacks Despite Trump Peace Push,Escalatory,Global,High,Israeli Defense Minister Israel Katz publicly vowed on Day 27 to intensify and expand Israeli military attacks in Iran directly contradicting the diplomatic signals being sent simultaneously by President Trump about progress toward a ceasefire. Katz's statement was a remarkable instance of public divergence between the Israeli and US governments at a moment when Trump was publicly claiming Iran had made major concessions and that talks were underway. The statement reflected a consistent Israeli pattern throughout the war of pushing for maximum military exploitation of the campaign regardless of US diplomatic timelines or political constraints. Israeli officials had repeatedly expressed concern about a premature ceasefire that would leave Iran with residual military capabilities and had been vocal about the need to complete the destruction of Iran's missile production and nuclear infrastructure before any agreement was reached. Katz's public declaration that he would intensify attacks sent a strong signal to Tehran that even if Trump was pursuing a deal the military pressure would not ease and potentially contradicted any guarantees Trump may have offered Iranian negotiators about the pace of strikes.
2026-03-26,27,Active War,Abbas Araghchi,Government Official,Iran,Iran,Diplomatic,Araghchi — Strait of Hormuz Represents Defeat for Enemies; Studying Post-War Management Arrangements,Escalatory,Global,High,Iranian Foreign Minister Abbas Araghchi made a series of public statements on Day 27 framing the Strait of Hormuz closure as a strategic victory for Iran rather than a temporary military tactic. Araghchi described Iran's control of the Strait as another defeat for Iran's enemies and announced that Iran was studying special long-term arrangements for the management of Hormuz access even after the war concluded. These statements carried profound implications: they suggested Iran intended to permanently alter the governance of the world's most critical oil transit chokepoint rather than simply restore the pre-war status quo as part of any ceasefire. Araghchi's framing of Hormuz as a structural post-war Iranian asset rather than a bargaining chip fundamentally complicated Western and Gulf state calculations about what ceasefire terms were achievable. The statements also appeared designed to signal to the broader global community that the outcome of the war would include permanent changes to maritime access in the Persian Gulf regardless of how the military campaign ended.
2026-03-26,27,Active War,Donald Trump,Head of State,US-Israel Coalition,USA,Diplomatic,Trump Suspends Iranian Power Plant Strikes for 10 Days Until April 6 Amid Negotiations,De-escalatory,Global,Critical,President Trump announced on Day 27 that he was suspending planned US strikes against Iranian power plants for a period of 10 days until April 6 amid what he described as ongoing negotiations with Iran. The suspension was significant because Trump had previously issued a 48-hour ultimatum to Iran threatening to strike its power infrastructure if it did not open the Strait of Hormuz — an ultimatum Iran had publicly defied. The climbdown from the threatened power plant strikes while maintaining other military operations suggested Trump was providing Iran with a face-saving diplomatic window while keeping the threat alive as leverage. Trump had already postponed power plant strikes once on March 23 for five days citing productive negotiations and this second extension suggested the diplomatic track was advancing even as public statements from both sides remained contradictory and maximalist. The suspension was widely interpreted as de facto acknowledgment that direct or indirect Iran-US talks were occurring despite Iran's public denials and represented the clearest evidence yet that both sides were exploring war termination options through multiple channels simultaneously.
2026-03-27,28,Active War,Houthi Movement,Non-State Actor,Iran-aligned,Yemen,Military-Political,Houthis Formally Enter War — Launch First Ballistic Missile Toward Israel Targeting Beersheba,Escalatory,Regional,Critical,The Houthi movement in Yemen formally entered the war on Day 28 when their military spokesman gave a public speech followed immediately by the launch of a ballistic missile toward Beersheba in southern Israel. The attack triggered air raid sirens across southern Israel and was the first Houthi strike on Israel since the latest lull in fighting. The Houthis had been building toward this moment for weeks making increasingly explicit statements about their readiness to join the conflict if Iran's position worsened or if US allies joined strikes against Iran or used the Red Sea to support operations. The formal entry of the Houthis opened a new front in the war and complicated US military planning by requiring the deployment of additional naval and missile defense assets to counter threats from Yemen. The Houthis specifically threatened Bahrain and the UAE warning they would be the first to suffer if they joined the Strait of Hormuz campaign. The Houthi entry was also symbolically important as it demonstrated that Iran's Axis of Resistance strategy of maintaining multiple armed proxies across the region remained partially functional despite the degradation of Hezbollah and other Iran-backed groups over the course of the conflict.
2026-03-27,28,Active War,Iran / Pakistan / USA,State Government,Iran / Neutral,Iran / Pakistan / USA,Diplomatic,Pakistan Delivers US 15-Point Ceasefire Proposal to Iran — Iran Rejects and Issues 5-Point Counter-Offer,De-escalatory,Global,Critical,Pakistani officials formally delivered a comprehensive US-led 15-point ceasefire proposal to Iran on Day 28 in what represented the most substantive diplomatic exchange of the war. The proposal had been developed by the Trump administration and delivered through Pakistan which had emerged as the primary intermediary between Washington and Tehran. Iran's English-language state broadcaster Press TV confirmed receipt of the proposal and announced that Iran had formally rejected it while simultaneously issuing a 5-point counter-proposal outlining Iran's own conditions for an end to the fighting. Iran's counter-offer was understood to include demands for a complete halt to US-Israeli strikes on Iranian territory guarantees against future military action assurances on Iranian sovereignty and energy infrastructure and the inclusion of Lebanon and Hezbollah in any ceasefire framework. Iran's insistence on Lebanon being part of any ceasefire deal effectively made the termination of the 2026 Lebanon war against Hezbollah a precondition for any Iran ceasefire — significantly expanding the scope of what would need to be agreed and potentially making a quick resolution impossible. The exchange of proposals nevertheless represented the first concrete diplomatic framework of the war and confirmed that both sides were engaged in serious if difficult negotiations.
2026-03-27,28,Active War,Iran,State Government,Iran,Iran,Military-Political,Iran Blocks Two Chinese Ships in Hormuz and Formalizes Fee Regime for Neutral Transit,Escalatory,Global,Critical,Iran IRGC Navy forces on Day 28 intercepted and turned back two Chinese commercial container ships that were attempting to enter the Strait of Hormuz moving toward what the IRGC described as the designated corridor for ships with permits. The IRGC announced that the ships had been warned and turned back and reiterated that the Strait was closed and that any movement toward ports of US and Israeli allies would be met with a harsh response. The blocking of Chinese vessels was diplomatically significant given China's attempts to position itself as a neutral mediator and its active back-channel engagement with Iran on Hormuz. China had been working to secure safe passage guarantees for its shipping and the forced turnaround of Chinese ships suggested Iran was not prepared to make exceptions even for its most important economic partner. Iran simultaneously moved to formalize the fee-based transit system for permitted vessels treating the world's most important oil transit route as effectively Iranian territorial waters subject to Iranian revenue collection — a development with enormous long-term implications for global maritime law and freedom of navigation principles.
2026-03-27,28,Active War,Iran,State Government,Iran,Iran,Cultural-Legal,Iran Announces 120 Historical Sites Damaged by US-Israeli Strikes Since War Began,Escalatory,Global,High,Iranian authorities announced on Day 28 that at least 120 historical and cultural heritage sites across Iran had been damaged by US-Israeli strikes since the war began on February 28. The announcement was accompanied by documentation of specific sites including UNESCO World Heritage Sites and nationally protected monuments. The damage to Iran's cultural heritage had been a significant dimension of the war's impact from the earliest days with UNESCO having issued multiple statements of concern. Documented damaged sites included Golestan Palace in Tehran struck on March 2 Falak-ol-Aflak on March 8 marked with a Blue Shield emblem Naqsh-e Jahan Square Chehel Sotoun Ali Qapu the Shah Mosque Jameh Mosque and Teymouri Hall in Isfahan struck on March 9 and the Safavid-era Rashk-e Jenan palace destroyed on March 12. Blue Shield International had called damage to protected cultural sites a war crime. The 120-site figure represented a significant escalation from earlier counts and underscored the breadth of cultural destruction occurring alongside the military campaign — a dimension of the conflict that was generating growing international condemnation regardless of views on the war's legality or justification.
2026-03-27,28,Active War,QatarEnergy,State Enterprise,Neutral,Qatar,Economic,QatarEnergy Declares Force Majeure on LNG Contracts — Italy Belgium South Korea China Affected,Escalatory,Global,Critical,QatarEnergy formally declared force majeure on its liquefied natural gas contracts with customers in Italy Belgium South Korea and China on Day 28 citing the ongoing disruption to energy operations caused by the Middle East war. The force majeure declaration allowed QatarEnergy to suspend contractual delivery obligations without legal penalty by invoking the extraordinary circumstances created by the conflict. Qatar's South Pars gas facilities had been struck by Iran on March 18 in retaliation for Israeli strikes on Iran's own South Pars field and while satellite imagery had shown the Ras Laffan LNG facility appeared largely undamaged before its unprecedented shutdown the combination of physical risk Iranian threats and operational disruptions had made normal production and export impossible. The affected customers in Italy Belgium South Korea and China collectively represented some of the world's largest LNG importers and the force majeure declaration sent shockwaves through global energy markets which had already been severely stressed by the Strait of Hormuz closure. Qatar's energy minister Saad al-Kaabi had previously warned that if the war continued other Gulf energy producers might be forced to halt exports and that this would bring down economies of the world.
2026-03-27,28,Active War,Israel Katz,Government Official,US-Israel Coalition,Israel,Military-Political,Katz Authorizes Assassination of Any Senior Iranian Official Without Further Approval,Escalatory,Global,Critical,Israeli Defense Minister Israel Katz confirmed on Day 28 that he and Prime Minister Netanyahu had authorized the Israeli military and intelligence services to assassinate any senior Iranian official without requiring further approval for individual operations. This authorization represented a dramatic formalization and expansion of Israel's targeted killing campaign against Iranian leadership — moving from case-by-case authorization to a standing kill order against the entire Iranian senior leadership tier. The policy had been implicitly in effect since the opening days of the war with Israel having assassinated Supreme Leader Khamenei IRGC Commander Pakpour Defense Minister Nasirzadeh Chief of Staff Mousavi SNSC Secretary Larijani Intelligence Minister Khatib IRGC Navy Commander Tangsiri and numerous other senior figures. The formal authorization without approval requirement lowered the institutional threshold for assassination operations and signaled that Israel intended to continue its decapitation campaign regardless of ceasefire negotiations. The announcement was consistent with Israeli Defense Minister Katz's earlier statement on the same day vowing to intensify and expand attacks in Iran notwithstanding Trump's diplomatic overtures.
2026-03-28,29,Active War,Masoud Pezeshkian,Head of State,Iran-Axis,Iran,Governance,Internal Government Clash Over War Conduct,De-escalatory,National,Critical,Iranian President Pezeshkian reportedly clashed with IRGC commander-in-chief Ahmad Vahidi over the conduct of the war on Day 29. Pezeshkian warned that without a ceasefire Iran's economy could collapse within three to four weeks. He criticized the IRGC's attacks on neighboring countries and called for restoration of executive powers to the civilian government. The clash exposed the deepening fracture between Iran's elected civilian leadership and the IRGC military establishment which had increasingly assumed de facto control over decision-making since the start of the war.
2026-03-28,29,Active War,Houthi Movement,Non-State Actor,Iran-aligned,Yemen,Military-Political,Houthi Ballistic Missile Toward Beersheba — Second Day of Attacks,Escalatory,Regional,High,Houthi forces launched a ballistic missile from Yemen toward Beersheba in southern Israel on Day 29 following their formal entry into the war the previous day. A Houthi cruise missile was also intercepted later in the day and a Houthi drone was intercepted near Eilat. This represented sustained Houthi engagement signaling their commitment to the conflict was not a one-off event but an ongoing campaign.
2026-03-28,29,Active War,Iran / Pakistan,State Government,Iran-Axis / Neutral,Iran / Pakistan,Diplomatic,Iran Agrees to Allow 20 Pakistani Ships Through Hormuz,De-escalatory,Regional,High,Iran agreed to allow 20 additional Pakistani-flagged ships to transit the Strait of Hormuz on Day 29. Pakistan confirmed the arrangement. The agreement was part of Iran's selective transit policy allowing allied and neutral nations shipping access while maintaining the blockade against US and Israeli-allied vessels.
2026-03-28,29,Active War,United Kingdom,State Government,US-Israel Coalition,UK,Military-Political,RFA Lyme Bay Deployed to Strait of Hormuz with Mine-Hunting Drones,Escalatory,Regional,High,The British Royal Navy dispatched the RFA Lyme Bay an amphibious ship fitted with mine-hunting drones to the Strait of Hormuz on Day 29. The deployment reflected growing international concern over Iranian mine-laying operations in the strait which had been reported since mid-March. The mine-hunting capability was critical given Iran's documented use of naval mines as one of its four methods for restricting strait traffic.
2026-03-28,29,Active War,IRGC,Military Command,Iran-Axis,Iran,Diplomatic,IRGC Threatens to Attack US Universities in Region,Escalatory,Regional,Medium,The IRGC threatened to attack US universities in the region in response to overnight US-Israeli strikes that damaged buildings belonging to Iran University of Science and Technology in Tehran. The threat expanded the IRGC's targeting rhetoric to include educational and civilian institutions associated with the United States.
2026-03-28,29,Active War,IDF / Hezbollah,Military,US-Israel Coalition,Israel / Lebanon,Military-Political,IDF Paratroopers Brigade Soldier Killed — 5th Israeli Soldier KIA in Lebanon,Neutral,Regional,Medium,An IDF soldier of the Paratroopers Brigade was killed in a Hezbollah rocket attack in southern Lebanon on Day 29 increasing the number of Israeli soldiers killed since the start of the Lebanon invasion to five.
2026-03-29,30,Active War,Mohammad Bagher Ghalibaf,Government Official,Iran-Axis,Iran,Diplomatic,Ghalibaf Rejects Negotiations — Iran Cannot Be Forced Into Submission,Escalatory,Global,High,Iranian parliament speaker Mohammad Bagher Ghalibaf publicly rejected the ongoing negotiations with the United States on Day 30 stating that Iran could not be forced into submission. Ghalibaf's statement contradicted signals from other Iranian officials who had been reviewing the US 15-point ceasefire proposal and represented the hardline IRGC-aligned faction's position that Iran should not negotiate under military duress.
2026-03-29,30,Active War,IAEA,International Institution,International,International,Diplomatic,IAEA Confirms IR-40 Heavy Water Reactor No Longer Operational,Neutral,Global,High,The International Atomic Energy Agency confirmed on Day 30 that the IR-40 heavy water reactor in Arak was no longer operational after sustaining serious damage during the Israeli airstrike on March 27. The confirmation represented a significant milestone in the degradation of Iran's nuclear infrastructure which had been a primary objective of both US and Israeli military planners.
2026-03-29,30,Active War,Pakistan / Egypt / Saudi Arabia / Turkey,State Government,Neutral,Pakistan,Diplomatic,Pakistan Hosts Meeting on Reopening Strait of Hormuz,De-escalatory,Regional,High,Pakistan hosted a meeting with Egypt Saudi Arabia and Turkey on Day 30 to discuss options for reopening the Strait of Hormuz. The meeting reflected the growing urgency among regional and global powers to find a solution to the maritime chokepoint crisis that was devastating energy markets and threatening economic collapse across oil-importing nations.
2026-03-30,31,Active War,Iran,State Government,Iran-Axis,Iran,Diplomatic,Iran Accuses Israel of False Flag Attacks on Kuwait Infrastructure,Escalatory,Regional,Medium,Iran accused the Israeli government of attacking a power plant and desalination plant in Kuwait without providing evidence on Day 31. The accusation came after alleged Iranian drones hit the Kuwaiti facilities causing damage and killing one worker. Iran's pattern of denying attacks on neutral countries while blaming them on Israeli false flag operations had become a recurring feature of its wartime narrative.
2026-03-30,31,Active War,NATO / Turkey / Iran,Military Alliance,Neutral,Turkey,Military-Political,Iranian Missile Shot Down by NATO Over Turkish Airspace — Iran Denies and Claims False Flag,Escalatory,Global,High,An Iranian missile was shot down by NATO air defenses over Turkish airspace on Day 31. Iran denied firing the missile at Turkey and claimed it was a false flag attack. The incident was the latest in a series of Iranian ordnance entering NATO member Turkey's airspace since the war began following a ballistic missile that landed in Hatay Province on March 3.
2026-03-30,31,Active War,USA,Military Command,US-Israel Coalition,USA,Military-Political,US Begins B-52 Bomber Operations Over Iran — First Time in War,Escalatory,Regional,High,The United States began using B-52 Stratofortress heavy bombers over Iranian territory for the first time in the war on Day 31. The B-52s had previously been used to launch standoff weapons from outside Iranian airspace but their deployment directly over Iran represented a significant escalation in the air campaign and a demonstration of coalition air superiority.
2026-03-30,31,Active War,Scott Bessent,Government Official,US-Israel Coalition,USA,Diplomatic,US Treasury Secretary Says US Will Gradually Take Control of Strait of Hormuz,Escalatory,Global,High,US Treasury Secretary Scott Bessent stated on Day 31 that the United States would gradually take control over the Strait of Hormuz. The statement signaled a shift in US policy from demanding Iran reopen the strait to planning for direct US military seizure and management of the waterway — a move with significant implications for Iranian sovereignty claims and international maritime law.
2026-03-30,31,Active War,Volodymyr Zelenskyy,Head of State,Neutral,Ukraine,Diplomatic,Zelenskyy Offers Ukraine Expertise to Unblock Strait of Hormuz — Cites Black Sea Corridor Model,De-escalatory,Global,Medium,Ukrainian President Volodymyr Zelenskyy offered Ukraine's expertise in unblocking the Strait of Hormuz on Day 31 citing Ukraine's successful management of keeping its Black Sea ports open despite constant Russian attacks. Ukraine's strategy had combined shared insurance costs with armed surface drones coastal artillery and air force operations to repel Russian attacks — a model that some analysts suggested could be adapted for the Hormuz situation.
2026-03-31,32,Active War,IRGC,Military Command,Iran-Axis,Iran,Diplomatic,IRGC Threatens to Target US-Linked Tech AI and Telecom Firms in Retaliation,Escalatory,Global,High,The IRGC threatened on Day 32 to target US-linked information communications artificial intelligence and advanced technology firms in the region in retaliation for US and Israeli attacks. The threat represented an expansion of Iran's target set beyond traditional military and energy infrastructure to include commercial technology companies — a development that raised concerns for major US tech firms operating data centers and facilities across the Gulf states.
2026-03-31,32,Active War,Iran,State Government,Iran-Axis,Iran,Diplomatic,Iran Denies Israeli Claims About Tofiq Daru Fentanyl Facility,De-escalatory,Regional,Medium,Iran denied Israeli claims that the Tofiq Daru pharmaceutical facility struck on Day 32 was being used to produce fentanyl-based compounds for chemical weapons applications. Iran stated the factory was exclusively supplying hospital drugs. The IDF had claimed the facility was a central supplier of fentanyl-based compounds to the Organization of Defensive Innovation and Research (SPND) which is sanctioned by the United States for contributing to weapons of mass destruction proliferation.
2026-03-31,32,Active War,Donald Trump,Head of State,US-Israel Coalition,USA,Diplomatic,Trump Tells Countries to Fend for Themselves on Fuel Supply,Escalatory,Global,High,President Trump told countries experiencing fuel shortages due to the Strait of Hormuz closure on Day 32 that they should fend for themselves and that the United States would not help them. The statement marked a significant shift from Trump's earlier rhetoric about securing the strait for global commerce and reflected a more isolationist posture that alarmed energy-importing nations across Asia and Europe.
2026-04-01,33,Active War,Donald Trump,Head of State,US-Israel Coalition,USA,Diplomatic,Trump Claims Iran President Asked for Ceasefire — Iran Rejects as False and Baseless,Escalatory,Global,Critical,President Trump claimed on Day 33 that Iran's president had requested a ceasefire and emphasized that the United States would only consider one when the Strait of Hormuz is open free and clear. Iranian Foreign Affairs Ministry spokesperson Esmail Baghaei categorically rejected Trump's claim as false and baseless. The contradiction between Trump's public claims of diplomatic progress and Iran's emphatic denials continued to define the information warfare dimension of the conflict.
2026-04-01,33,Active War,Donald Trump,Head of State,US-Israel Coalition,USA,Diplomatic,Trump Nearing Completion Speech — Threatens to Bomb Iran Back to Stone Age,Escalatory,Global,Critical,President Trump delivered a major speech on Day 33 stating the war's objectives were nearing completion and projecting it could last a few more weeks. Trump simultaneously threatened to bomb Iran back to the stone age if it did not agree to reopen the Strait of Hormuz and ease disruptions to global energy markets. The speech combined signals of war termination with maximalist threats — a dual-track messaging approach designed to pressure Iran into concessions while preparing the US public for potential further escalation.
2026-04-01,33,Active War,IDF,Military Command,US-Israel Coalition,Israel,Military-Political,IDF Strikes 15 Weapons Production Sites Including MODAFL Complex,Neutral,Regional,High,The IDF stated on Day 33 that it struck approximately 15 weapons production sites including a Ministry of Defense and Armed Forces Logistics (MODAFL) complex for advanced missile production. MODAFL is sanctioned by the United States for its role in Iran's missile and nuclear weapons programs. The strikes represented a continuation of systematic targeting of Iran's defense industrial base.
2026-04-01,33,Active War,IRGC / Iran internal,Military Command,Iran-Axis,Iran,Governance,IRGC Military Council Assumes Control — Sidelines Pezeshkian and Blocks Access to Mojtaba Khamenei,Escalatory,National,Critical,Anti-regime media reported on Day 33 that a military council composed of senior IRGC officers had assumed control over the regime's core decision-making apparatus and established a security perimeter around Supreme Leader Mojtaba Khamenei. The council reportedly prevented government reports from reaching Khamenei and ignored President Pezeshkian's repeated requests for meetings. The IRGC reportedly blocked Pezeshkian's decisions with Commander Vahidi pressuring him and preventing the selection of a new intelligence minister. The consolidation represented the effective sidelining of Iran's elected civilian government by the military establishment.
2026-04-01,33,Active War,Iran / UN,State Government,Iran-Axis,Iran,Domestic Politics,UN Reports 2345 Arrested in Iran Since War Began — Espionage Dissent and Collaboration Charges,Escalatory,National,High,The UN Human Rights Office reported on Day 33 that approximately 2345 individuals had been arrested in Iran since the start of the war on charges related to national security including terrorism dissent alleged espionage and cooperation with the enemy. Iranian authorities had reported over 1000 arrests in March alone. The mass arrests reflected the regime's intense internal security posture and its determination to suppress any domestic opposition during the war.
2026-04-01,33,Active War,Houthi Movement / Iran / Hezbollah,Non-State Actor,Iran-aligned,Yemen,Military-Political,Coordinated Houthi-Hezbollah-Iran Missile Attack on Israel — Fourth Houthi Attack,Escalatory,Regional,High,The Houthis launched ballistic missiles targeting southern Israel on Day 33 in what they claimed was a coordinated attack with Hezbollah and Iran. This marked the fourth Houthi attack on Israel since entering the war on March 28. Iranian media similarly claimed Iran coordinated its attacks with Hezbollah and the Houthis. The coordination claims if accurate would represent a significant level of operational integration among the Axis of Resistance components.
2026-04-01,33,Active War,Hezbollah,Proxy,Iran-Axis,Lebanon,Military-Political,Hezbollah Conducts 71 Attacks in 24 Hours — Shoots Down Israeli Drone,Escalatory,Regional,High,Hezbollah claimed 71 attacks targeting northern Israeli communities and Israeli forces in northern Israel and southern Lebanon in a 24-hour period ending on Day 33. The IDF confirmed that Hezbollah shot down an IAF drone over southern Lebanon with a surface-to-air missile. Hezbollah also conducted first-person view drone strikes against IDF positions — demonstrating continued tactical capability despite months of Israeli degradation operations.
2026-04-01,33,Active War,IDF,Military Command,US-Israel Coalition,Israel,Military-Political,IDF Kills Hezbollah Southern Front Commander Yusuf Ismail Hashem in Beirut,Escalatory,Regional,High,The IDF announced on Day 33 that it killed Hezbollah Southern Front commander Yusuf Ismail Hashem in a strike on Beirut. Hashem had replaced Ali Karaki as Southern Front commander after IDF strikes killed Karaki in September 2024. The IDF said Hashem was responsible for directing Hezbollah's ground combat against the IDF in southern Lebanon and rocket attacks on Israel.
2026-04-01,33,Active War,IRGC,Military Command,Iran-Axis,Iran,Domestic Politics,Iranian Forces Operating in 70+ Civilian Locations — Schools Hospitals Mosques,Escalatory,National,High,Reporting indicated on Day 33 that Iranian military forces had operated in at least 70 civilian locations including schools hospitals and mosques since the war began. The Basij and affiliated organizations had increased recruitment and mobilization efforts including volunteer registration campaigns and the use of minors in checkpoint and patrol roles. Iranian authorities had also reinforced legal deterrence by warning that individuals accused of espionage or collaboration could face execution and asset seizure.
2026-04-02,34,Active War,Gulf States,State Government,Neutral,Regional,Economic,Gulf States Explore Alternative Pipeline Routes Bypassing Strait of Hormuz,De-escalatory,Global,High,Reports emerged on Day 34 that Gulf states were actively considering alternative pipelines to bypass the Strait of Hormuz including routes to the Mediterranean via Haifa or Egypt as well as overland links through Iraq Jordan Syria Turkey or to Oman. Iraq had already begun exporting crude by tanker trucks through Syria to Mediterranean ports such as Baniyas. The exploration of alternatives reflected growing acceptance that the Strait situation might not be resolved quickly and that structural changes to energy transport infrastructure were needed.
2026-04-02,34,Active War,Iran,State Government,Iran-Axis,Iran,Diplomatic,Iran Allows Philippine Ships and Filipino Seafarers Through Strait of Hormuz,De-escalatory,Regional,Medium,Iran announced on Day 34 that it would allow Philippine-flagged vessels and Filipino seafarers to cross the Strait of Hormuz following diplomatic talks. The Philippines joined China Russia India Iraq Pakistan Malaysia and Thailand as nations granted transit access — expanding the list of countries Iran permitted through its maritime blockade while maintaining restrictions against US-aligned nations.
2026-04-02,34,Active War,IRGC,Military Command,Iran-Axis,Iran,Military-Political,IRGC Claims Targeting Oracle Data Center in Dubai — Dubai Denies,Escalatory,Regional,High,The IRGC claimed on Day 34 that it had targeted an Oracle data center in Dubai. Dubai authorities denied the claim. The alleged attack followed the IRGC's threat on March 31 to target US-linked technology firms in the region. Iran had previously struck an Amazon Web Services data center in the UAE and an Amazon cloud computing facility in Bahrain representing an unprecedented pattern of attacks on commercial technology infrastructure.
2026-04-03,35,Active War,Iran / USA,Military Command,Iran-Axis / US-Israel Coalition,Iran / USA,Military-Political,US F-15E Strike Eagle Shot Down Over Iran — First US Manned Fighter Jet Lost in War,Escalatory,Global,Critical,Iranian forces shot down a US Air Force F-15E Strike Eagle from the 494th Fighter Squadron over western Iran on Day 35. One ejection seat was found near the crash site. Axios confirmed the loss and reported a combat search and rescue mission was underway. The pilot was successfully rescued by US forces but the search for the weapons systems officer continued. The shootdown represented the most significant US aircraft loss of the war — the first manned US fighter jet shot down — and demonstrated Iran retained meaningful air defense capabilities despite weeks of degradation strikes. Two Black Hawk helicopters involved in the rescue were also struck by Iranian fire and a US A-10 Thunderbolt II was shot down with its pilot ejecting over the Persian Gulf and being rescued.
2026-04-03,35,Active War,Israel,State Government,US-Israel Coalition,Israel,Military-Political,Israel Extends Operational Reserve Duty to Approximately Nine Weeks,Escalatory,National,Medium,The Israeli government extended operational reserve duty for current and future reservists to approximately nine weeks on Day 35. The extension reflected the sustained operational demands of simultaneous campaigns in Iran Lebanon and domestic missile defense and signaled that Israel was preparing for a prolonged continuation of military operations despite diplomatic discussions about ceasefire.
2026-04-03,35,Active War,Emirates Global Aluminium,State Enterprise,Neutral,UAE,Economic,EGA Reports Major Damage — Full Restoration May Take Up to One Year,Neutral,Regional,High,Emirates Global Aluminium reported on Day 35 that an Iranian attack on its plant in Abu Dhabi had caused significant damage and that restoring full production could take up to a year. The assessment underscored the long-term economic consequences of Iranian attacks on Gulf industrial infrastructure that would persist far beyond any ceasefire.
2026-04-04,36,Active War,UN Security Council / Bahrain,International Institution,International,International,Diplomatic,UN Security Council Vote on Bahrain Strait of Hormuz Proposal Uncertain — Russia and China Divisions,De-escalatory,Global,Critical,The vote on Bahrain's proposal at the UN Security Council on Day 36 remained uncertain due to divisions among major powers. While many countries supported keeping the Strait of Hormuz open for global shipping Russia and China expressed concern that the resolution could justify military action near Iran and risk further escalation even though Bahrain had already weakened the proposal by removing stronger language authorizing the use of force. The disagreement was significant because Russia and China held veto power on the Security Council making any resolution impossible without their acquiescence.
2026-04-04,36,Active War,Iran,State Government,Iran-Axis,Iran,Diplomatic,Senior Iranian Officials Signal Strait of Hormuz as Post-War Leverage — Not a Temporary Tactic,Escalatory,Global,Critical,Multiple Iranian officials and institutions including parliament speaker Ghalibaf IRGC-linked media platforms and analysts close to Iranian security institutions highlighted on Day 36 that the Strait of Hormuz had become a point of leverage Iran intended to use after the war to extract concessions and secure strategic aims. An analyst close to the regime stated Iran could remove the ability of the US and Israel to threaten it if it maintained its legal-security dominance over the strait even after the war ended. These statements indicated Iran could continue to use its proven ability to disrupt shipping to deter or coerce the United States and partners indefinitely.
2026-04-04,36,Active War,Iran,State Government,Iran-Axis,Iran,Diplomatic,Iran Signals No Ceasefire Without Complete End to All US-Israeli Attacks,Escalatory,Global,High,Iranian officials reiterated on Day 36 that they would not accept a ceasefire or halt disruptions to international shipping in the Strait of Hormuz unless the United States and Israel ceased all attacks on Iran. Iran viewed the period between the Israeli strikes in June 2025 and the current conflict as a pause in one war and demanded a permanent end guaranteeing no future attacks. Iranian officials stated Iran would not grant the US access to the Strait to secure a ceasefire even after the war ends.
2026-04-04,36,Active War,UAE,State Government,Neutral,UAE,Diplomatic,UAE Lobbies for UN Resolution Authorizing Force to Protect Strait Shipping,Escalatory,Global,High,Unspecified Arab officials told the Wall Street Journal on Day 36 that the UAE had lobbied in favor of the Bahrain-sponsored UN Security Council resolution that would authorize the use of all necessary means to protect shipping in and around the Strait of Hormuz. The UAE's support for the resolution reflected its view that Iran's efforts to control the strait combined with sustained missile and drone strikes against the Emirates posed a direct existential threat to UAE economic security.
